GEOID,alegrate,burden,x,y,offprem_p,onprem_p,pfdes,Social,HHComp,RaceEthn,HouseTrans,pop2mi,ccare_rate,fcare_rate,hcare_rate,totcare,reser,Health,quartile,lnmal,cluster,d.cf
6073000100,21,2.2264631,-117.1858941,32.7530053,164,54.902607,1,0.2157,1.7497,0.1163,2.3207,4529.888857,0,0,0,0,0,21.17,Q1,3.091042453,5,7
6073000201,0,1.9272031,-117.1733775,32.7540028,482,97.001663,0.4902881,0.5222,1.4523,0.3318,1.8733,6806.060337,30.651341,0,0,30.651341,0,37.54,Q1,0,5,7
6073000202,0,0.7089136,-117.1751643,32.7453846,313,47.290874,0.4637509,0.3814,0.6937,0.2335,2.0405,8916.151017,3.333333333,0,0,3.333333333,0,31.47,Q1,0,5,7
6073000300,41,3.0863309,-117.1622682,32.7447803,30,92.941673,0.1693131,1.0547,1.5669,0.4028,2.9816,12844.01248,39.408867,0,0,39.408867,0,65.99,Q2,3.737669618,5,7
6073000400,122,1.0596591,-117.1630579,32.7533323,425,73.698555,0.2065752,0.7489,0.6444,0.5203,2.6711,8195.917716,83.33333333,0,0,83.33333333,0,37.64,Q3,4.812184355,5,7
6073000500,16,1.6260163,-117.1521772,32.7606645,452,78.398239,0.7821844,0.8903,0.899,0.4396,1.4111,6207.702277,0,0,0,0,0,37.08,Q1,2.833213344,5,7
6073000600,34,2.3225806,-117.1518924,32.7529964,478,80.952377,0.0078286,1.0302,1.3694,0.3233,3.1566,8053.763469,82.05128205,0,0,82.05128205,0,37.75,Q2,3.555348061,5,7
6073000700,33,1.9847909,-117.1513148,32.7447633,476,69.259453,0.3679504,0.9168,1.3289,0.1833,2.1199,13985.26029,0,0,0,0,0,71.86,Q2,3.526360525,5,7
6073000800,64,1.1730769,-117.1420277,32.7447819,468,61.168224,0.0231828,1.6149,1.6988,0.5948,2.5931,14896.72928,0,0,0,0,0,35.05,Q2,4.17438727,5,7
6073000900,73,0.8199301,-117.141957,32.7518529,30,97.392815,0,1.915,1.5926,0.7426,2.7384,21584.5627,8.602150538,0,0,8.602150538,0,60.68,Q2,4.304065093,5,7
6073001000,53,0.4348534,-117.1417318,32.7603326,540,100,0.3464848,1.1803,0.7604,0.2639,2.3795,15829.0444,10.90909091,0,0,10.90909091,0,25.7,Q2,3.988984047,5,7
6073001100,54,0.5148741,-117.133414,32.7652989,30,100,0.8664815,1.6198,1.136,0.7977,2.4904,9585.644733,3.407155026,0,0,3.407155026,0,32.16,Q2,4.007333185,5,7
6073001200,79,0.7749648,-117.1317978,32.7580745,30,96.431099,0.0103697,1.5197,0.9544,0.9325,2.4102,22256.23013,5.706134094,0,0,5.706134094,0,35.06,Q3,4.382026635,5,7
6073001300,93,0.4303233,-117.1323173,32.7512721,30,100,0.0053632,1.6814,1.2698,1.0536,2.4526,21443.27275,6.396588486,0,0,6.396588486,0,68.45,Q3,4.543294782,5,7
6073001400,34,0.6044226,-117.1330809,32.74474,526,82.879379,0.3251947,0.8775,1.293,0.3606,2.3978,10757.91638,36.5535248,0,0,36.5535248,0,42.8,Q2,3.555348061,5,7
6073001500,26,0.3739377,-117.1233872,32.7437342,30,61.89629,0.6732274,1.697,0.976,0.8836,2.1563,12490.91774,0,0,0,0,0,60.17,Q1,3.295836866,5,7
6073001600,40,0.4243845,-117.1213219,32.7521609,30,95.983009,0.0004446,2.4311,1.2962,1.3916,2.5102,20060.01746,1.908396947,0,0,1.908396947,0,64.58,Q2,3.713572067,5,7
6073001700,55,0.2842243,-117.1207142,32.7582452,539,92.183571,0,2.1181,0.9646,1.0047,2.188,18010.22612,0,0,0,0,0,48.37,Q2,4.025351691,5,7
6073001800,50,0.4070513,-117.1186054,32.7628849,30,100,0.0519839,1.752,1.1909,0.9845,2.2026,20262.20656,10,0,0,10,0,56.02,Q2,3.931825633,5,7
6073001900,23,0.9668246,-117.1196457,32.7696657,205,33.038448,0.5247041,1.0819,1.0225,0.2976,1.5046,4343.230864,12.38390093,0,0,12.38390093,0,38.76,Q1,3.17805383,5,7
6073002001,12,1.9362637,-117.104299,32.7699149,120,20.900417,0.9044195,0.2399,1.9619,0.1171,1.0773,3469.409847,4.098360656,0,0,4.098360656,0,20.1,Q1,2.564949357,5,7
6073002002,28,0.4890511,-117.0929252,32.7645572,385,21.101994,0.3283966,1.0287,1.303,0.1723,0.9095,5249.944026,0,0,0,0,0,17.79,Q2,3.36729583,5,6
6073002100,38,0.8193669,-117.1084678,32.7586957,30,93.002472,0.1116115,2.3546,1.2933,1.0308,2.6526,14264.58951,17.51313485,0,0,17.51313485,0,36.82,Q2,3.663561646,5,7
6073002201,26,0.0457198,-117.1124957,32.7524807,30,97.260277,0,3.6751,1.9391,1.7197,2.6807,26866.19108,0,0,0,0,0,67.03,Q1,3.295836866,5,7
6073002202,61,0.3306878,-117.1051018,32.7523973,30,100,0,3.5244,2.625,1.7046,3.5201,28720.2651,8.144269924,0,8.144269924,16.28853985,0,74.07,Q2,4.127134385,5,6
6073002301,65,0.2599179,-117.0947635,32.7573492,30,100,0,2.9269,2.0425,1.5204,2.9153,18770.65315,0,0,0,0,0,53.98,Q2,4.189654742,5,6
6073002302,49,0.2413623,-117.0963988,32.7525425,30,100,0,3.7347,2.73,1.8306,3.2436,33357.82153,1.863932898,0,0,1.863932898,0,54,Q2,3.912023005,5,6
6073002401,51,0.137457,-117.1151978,32.7470742,497,78.635468,0.1591227,2.5783,1.9105,1.3129,3.4806,19139.12895,8.271298594,0,0,8.271298594,0,64.89,Q2,3.951243719,5,7
6073002402,37,0.177977,-117.1052315,32.7468137,30,91.549294,0.00372,3.1455,2.1165,1.6597,3.5548,26689.50296,1.10619469,0,0,1.10619469,0,71.9,Q2,3.63758616,5,6
6073002501,39,0.2311715,-117.1096419,32.7400405,485,22.819767,0.4616915,3.3604,2.5187,1.5817,2.4758,12098.63989,1.123595506,0,0,1.123595506,0,69.73,Q2,3.688879454,5,6
6073002502,60,0.3614232,-117.1080241,32.7281564,290,12.531928,0.8027462,2.614,1.8589,1.2416,1.8815,8598.893479,3.719776813,0,0,3.719776813,0,70.52,Q2,4.110873864,5,6
6073002601,47,0.2739726,-117.0966252,32.7449119,532,70.234222,0,3.4873,1.9805,1.7048,2.8182,18202.33955,3.399433428,0,0,3.399433428,0,67.12,Q2,3.871201011,5,6
6073002602,57,0.1352531,-117.0972747,32.7357597,353,29.820225,0.5163888,3.1073,2.2724,1.6863,3.1527,14515.70037,1.458789205,0,0,1.458789205,0,82.38,Q2,4.060443011,5,6
6073002702,76,0.5107981,-117.0728017,32.7542098,443,58.88031,0.0021508,2.2864,1.453,0.9188,2.9835,9761.280122,0,0,1.93986421,1.93986421,0,41.27,Q3,4.343805422,5,6
6073002703,107,0.3789538,-117.0658125,32.7451078,392,7.347826,0.5418812,2.4312,1.6827,1.2462,2.8083,9364.020464,2.504696306,0,0,2.504696306,0,47.4,Q3,4.682131227,5,6
6073002705,44,0.4791319,-117.0835759,32.7338692,245,3.0697675,0.511675,2.0985,2.3662,1.4872,1.8687,10083.01776,1.792114695,0,0,1.792114695,0,72,Q2,3.80666249,5,6
6073002707,97,0.141932,-117.0895143,32.7529867,30,94.766251,0,3.4925,2.0658,1.9263,3.2438,38476.35004,2.070393375,0,0,2.070393375,0,50.28,Q3,4.584967479,5,6
6073002708,39,0.2157895,-117.0830585,32.7531727,528,74.406754,0.0240362,3.5162,2.7733,1.7571,2.8468,25117.50479,1.746724891,0,0,1.746724891,0,40.55,Q2,3.688879454,5,6
6073002709,90,0.1310976,-117.0896386,32.7439931,504,28.948036,0.0822599,3.5936,2.4382,1.5842,2.6618,14388.80555,11.49425287,0,0,11.49425287,0,60.44,Q3,4.510859507,5,6
6073002710,61,0.2710843,-117.0844892,32.7439483,398,24.550615,0.1418579,2.6529,1.9912,1.6301,3.0532,15561.59277,1.669449082,0,0,1.669449082,0,78.5,Q2,4.127134385,5,6
6073002711,0,0.2491197,-117.0715691,32.7392175,202,0,1,2.8563,1.7906,1.2659,1.8349,6778.551095,1.420454545,0,0,1.420454545,0,61.92,Q1,0,5,6
6073002712,0,0.4430479,-117.0732171,32.7297628,354,44.174549,0.2769832,2.794,2.9948,1.2717,3.1435,5758.282683,0,0,0,0,0,45.89,Q1,0,5,6
6073002801,30,1.7142857,-117.0837903,32.7755353,388,42.144718,1,1.7711,0.7573,0.3068,2.9862,2533.741732,35.0877193,0,0,35.0877193,0,16.47,Q2,3.433987204,5,6
6073002803,41,0.7714592,-117.0835961,32.7638379,314,46.03352,0.6287915,1.8767,1.6745,1.0982,2.568,12474.04316,0,0,0,0,0,60.6,Q2,3.737669618,5,6
6073002804,14,0.5468053,-117.0739019,32.7647357,254,60.435532,0.562187,2.3129,0.6761,0.6589,2.1441,8545.587496,7.01754386,0,0,7.01754386,0,37.02,Q1,2.708050201,5,6
6073002902,43,0.3751515,-117.058923,32.7604105,415,54.628223,0.0009162,2.1809,2.2539,0.8933,2.9329,10235.63741,6.821282401,0,0,6.821282401,0,29.24,Q2,3.784189634,5,6
6073002903,62,0.4571429,-117.0553352,32.7498573,372,21.119183,0.2887801,2.3061,2.3275,1.1266,2.3416,7795.058562,10.95890411,0,0,10.95890411,0,49.16,Q2,4.143134726,5,6
6073002904,50,1.1087719,-117.0626516,32.7715642,407,59.868782,0.0294468,2.3711,0.529,0.448,3.4682,11396.18628,24.63054187,0,0,24.63054187,0,30.95,Q2,3.931825633,5,6
6073002905,76,0.4431555,-117.0496451,32.7711381,456,81.849823,0.5384244,3.0154,1.744,1.1301,3.0183,9862.782151,4.305705059,2.15285253,0,6.458557589,0,30.23,Q3,4.343805422,5,6
6073003001,68,0.4589523,-117.0753816,32.7174916,138,2.0586843,0.606666,2.9521,2.621,1.5339,2.0987,4395.009034,7.04845815,0,0,7.04845815,0,73.1,Q2,4.234106505,2,2
6073003003,99,0.4296695,-117.0575534,32.7250639,465,0,0.9746922,2.8132,2.4621,1.0928,1.5404,4428.294696,0,0,0,0,0,69.54,Q3,4.605170186,2,2
6073003004,53,0.2032258,-117.0607339,32.7130823,401,25.4251,0.8318809,3.3381,2.2925,1.6736,3.3946,11087.4186,1.138303927,0,0,1.138303927,0,72.32,Q2,3.988984047,2,2
6073003101,111,0.6172185,-117.0801318,32.6994123,221,0,0.5649393,2.5301,2.217,1.639,2.8364,9812.853664,0,0,0,0,0,73.16,Q3,4.718498871,2,2
6073003103,106,0.6723284,-117.0441008,32.7070141,161,0,0.2598293,3.041,2.263,1.4797,2.3396,9188.438415,0.967117988,0,0,0.967117988,0,69.62,Q3,4.672828834,2,2
6073003105,99,0.4020619,-117.0295699,32.710698,169,0,0.0860794,2.8994,1.7707,1.6786,1.5392,9497.665295,1.669449082,0,0,1.669449082,0,64.21,Q3,4.605170186,2,2
6073003107,87,0.7683121,-117.0230027,32.7062651,355,10.180241,0.0089629,2.3037,2.4504,1.3236,2.6001,10312.76185,1.352265044,0,0,1.352265044,0,52.21,Q3,4.477336814,2,2
6073003108,83,0.3031329,-117.0155941,32.7074478,376,42.386364,0.0392291,2.6245,2.0603,1.0961,1.6718,8608.877959,2.030456853,0,0,2.030456853,0,38.97,Q3,4.430816799,2,2
6073003109,18,1.0349515,-117.0556229,32.6918459,269,0,1,1.7973,1.1832,1.4777,2.4284,8158.508434,0,0,0,0,0,79.1,Q1,2.944438979,2,2
6073003111,100,0.313872,-117.0807478,32.7050468,160,10.96555,0.4571766,3.2435,2.2239,1.6671,3.9307,12094.54282,3.159557662,0,0,3.159557662,0,74.46,Q3,4.615120517,2,2
6073003112,76,0.4288372,-117.0628402,32.7058788,373,41.167469,0.9979597,2.5137,2.1492,1.3581,2.8883,7036.216305,10.14198783,0,0,10.14198783,0,81.53,Q3,4.343805422,2,2
6073003113,67,1.2068063,-117.0644799,32.6961845,189,0,0.9722388,2.4057,1.8428,1.4685,1.7554,8673.307473,4.566210046,0,0,4.566210046,0,56.03,Q2,4.219507705,2,2
6073003114,62,0.6666667,-117.0450027,32.6998002,63,0,0.996909,1.5726,2.1386,1.3301,1.7465,8290.081157,6.960556845,0,0,6.960556845,0,73.1,Q2,4.143134726,2,2
6073003115,79,0.531383,-117.0379718,32.6955807,279,0,0.4324158,2.9209,2.6251,1.4505,3.3565,11563.87739,0,0,0,0,0,81.13,Q3,4.382026635,2,2
6073003201,66,0.2696838,-117.0608884,32.6836181,340,3.5482564,0.7192984,2.7566,2.0565,1.1337,2.0645,8786.700281,5.047318612,0,0,5.047318612,0,64.61,Q2,4.204692619,2,2
6073003202,70,0.5336879,-117.0643688,32.6719721,302,40.518566,0.9311132,2.6428,2.3094,1.3633,2.9745,10089.61297,6.720430108,0,0,6.720430108,0,43.6,Q2,4.262679877,2,2
6073003204,35,0.8703704,-117.0578802,32.656474,7,4.923255,1,2.0861,1.8004,1.0339,1.6058,2986.453744,0,0,0,0,0,57.2,Q2,3.583518938,2,2
6073003207,39,0.7097768,-117.0309545,32.6716968,125,9.9320879,0.7064655,2.1284,1.6655,1.0823,1.885,3519.878911,0,0,0,0,0,42.18,Q2,3.688879454,2,2
6073003208,98,0.3939573,-117.0452492,32.6786956,237,9.4122982,0.5050891,2.6697,1.7882,1.2545,2.4498,12986.09148,0,0,0,0,0,62.5,Q3,4.59511985,2,2
6073003209,37,0.3229955,-117.0387603,32.6835898,96,21.039927,0.5894885,2.0702,1.9708,1.3631,2.2064,11123.02079,2.892263196,0,0,2.892263196,0,49.8,Q2,3.63758616,2,2
6073003211,38,0.7450199,-117.0547677,32.6775705,128,2.1800947,1,2.0075,2.3009,1.3165,2.8301,9976.617755,2.88184438,0,0,2.88184438,0,71.3,Q2,3.663561646,2,2
6073003212,62,1.0786517,-117.0537791,32.6696208,0,0,1,2.2097,2.0247,1.0824,3.4662,8871.664514,2.400960384,0,0,2.400960384,0,56.17,Q2,4.143134726,2,2
6073003213,45,0.7152466,-117.0307834,32.688526,386,0,0.9612204,1.2435,1.3914,1.3176,1.419,8550.739639,0,0,0,0,0,68.61,Q2,3.828641396,2,2
6073003214,70,0.4753673,-117.0201686,32.6944869,346,47.071583,0.6659764,1.6505,2.0486,1.168,2.6462,10575.45244,0,0,0,0,0,34.95,Q2,4.262679877,2,2
6073003301,92,0.250218,-117.1018968,32.7027556,198,13.24543,0.7143087,3.5628,2.5693,1.7953,2.0665,5539.189264,9.280742459,0,0,9.280742459,0,65.15,Q3,4.532599493,5,6
6073003303,71,0.2343447,-117.0986406,32.6928057,451,0,0.0029797,3.7451,2.2406,1.8264,2.5846,18603.29056,0,0,0,0,0,70.52,Q2,4.276666119,2,2
6073003304,0,0.2115637,-117.0902817,32.7067366,356,50.070164,0.2297413,3.3437,2.9285,1.5848,3.6384,18320.90369,1.235330451,0,0,1.235330451,0,46.19,Q1,0,2,2
6073003305,0,0.2709883,-117.0900688,32.697889,438,0,0.5608355,3.6944,2.3601,1.7649,3.0259,11780.33809,8.024072217,0,2.006018054,10.03009027,0,60.75,Q1,0,2,2
6073003401,102,0.6796117,-117.0950788,32.7249834,336,32.39901,0.498265,2.3905,2.2717,1.216,3.455,5847.485501,3.144654088,0,0,3.144654088,0,52.37,Q3,4.634728988,5,6
6073003403,69,0.2874494,-117.1085408,32.7136131,400,38.431007,1,3.1816,2.3106,1.7294,2.0966,7765.115672,1.554001554,0,0,1.554001554,0,69.19,Q2,4.248495242,5,6
6073003404,54,0.2815657,-117.0939094,32.7139554,371,14.52309,0.2884979,3.4381,2.4541,1.7032,3.3684,7830.445295,6.574621959,1.314924392,0,7.889546351,0,56.18,Q2,4.007333185,5,6
6073003501,93,0.1880448,-117.1145576,32.706039,436,0,0.672471,3.4829,2.4321,1.7323,2.6988,9607.073324,0,0,0,0,0,68.29,Q3,4.543294782,5,6
6073003502,82,0.1992188,-117.1134902,32.6986004,508,46.360695,0.359856,3.7698,2.0975,1.8641,2.6957,16606.17874,4.558404558,0,0,4.558404558,0,64.33,Q3,4.418840608,5,6
6073003601,86,0.0921178,-117.1165151,32.6909862,410,50.830769,0.3559282,3.7575,2.0438,1.8744,2.4443,8786.140689,0,0,0,0,0,78.95,Q3,4.465908119,5,6
6073003602,112,0.2433669,-117.1074107,32.6929366,490,0,0.0863133,3.3848,2.0331,1.855,2.738,13944.9617,1.727115717,0,0,1.727115717,0,85.56,Q3,4.727387819,5,6
6073003603,52,0.2866044,-117.1075924,32.6866623,523,3.7133396,0.3441861,3.5987,2.0778,1.8759,2.5343,17576.46632,4.304160689,0,0,4.304160689,0,58.75,Q2,3.970291914,2,2
6073003800,0,0,-117.1207979,32.6835337,1,54.104134,0,0.566,0.0106,0.4237,0.9956,9340.210894,0,0,0,0,0,15.48,Q1,0,5,6
6073003901,101,0.1859986,-117.1267377,32.7035568,444,17.566612,0,3.8746,2.3728,1.9016,2.2668,17875.19048,0,0,1.223990208,1.223990208,0,75.88,Q3,4.624972813,5,6
6073003902,102,0.1876275,-117.1263197,32.696749,496,63.953724,0.0091189,3.8524,2.0587,1.8926,3.4457,10990.12212,5.509641873,0,0,5.509641873,0,73.12,Q3,4.634728988,5,6
6073004000,100,0.2375264,-117.127118,32.708779,30,23.585272,0.6181246,3.2848,2.6181,1.8203,2.9715,16055.56441,11.76470588,0,0,11.76470588,0,74.51,Q3,4.615120517,5,6
6073004100,31,0.2174733,-117.1292493,32.714833,498,52.5359,0.0508541,2.2689,1.4508,1.2639,3.1103,11467.64912,4.633204633,0,0,4.633204633,0,68.38,Q2,3.465735903,5,6
6073004200,56,0.8240647,-117.1194261,32.7293167,60,9.2543631,0.5224121,0.8178,0.9736,0.4767,1.5317,6285.231645,2.320185615,0,0,2.320185615,0,48.44,Q2,4.043051268,5,6
6073004300,17,0.5456,-117.1293851,32.7353586,505,70.668488,0.6954745,0.7708,0.5921,0.375,1.8145,9540.702542,10.56338028,0,0,10.56338028,0,42.75,Q1,2.890371758,5,7
6073004400,38,0.8256881,-117.129657,32.7243369,548,95.809624,0,1.1372,1.1794,0.5361,2.6154,10766.81403,6.825938567,0,0,6.825938567,0,47.41,Q2,3.663561646,5,6
6073004501,24,0.3049451,-117.1381735,32.717632,30,100,0,2.1269,0.9928,1.2095,2.5671,23509.38867,0,0,0,0,0,67.71,Q1,3.218875825,5,6
6073004600,10,0.7106918,-117.1449018,32.7151851,30,84.381447,0,1.2524,0.9202,0.6786,2.6669,12679.88796,0,0,0,0,0,54.03,Q1,2.397895273,5,6
6073004700,82,0.3948413,-117.1450748,32.7083889,30,65.931107,0,3.3805,2.545,1.6033,2.9229,13979.69414,16.39344262,0,0,16.39344262,0,61.43,Q3,4.418840608,5,6
6073004800,79,0.1367891,-117.1381401,32.708456,30,82.527336,0,3.612,2.6483,1.7754,2.9121,17087.31725,1.497005988,0,0,1.497005988,0,74.14,Q3,4.382026635,5,6
6073004900,106,0.3583855,-117.138677,32.7018526,30,89.697693,0.0030646,3.7065,2.2737,1.8688,3.3136,17480.93281,2.526847757,0,0,2.526847757,0,78.83,Q3,4.672828834,5,6
6073005000,157,0.1716172,-117.1411746,32.6948502,30,95.734169,0.2103926,3.7935,2.0328,1.8095,3.3708,4678.269864,6.458557589,0,0,6.458557589,0,77.06,Q3,5.062595033,5,6
6073005100,189,0.8518519,-117.1528082,32.7037376,525,97.058823,0,3.0455,1.717,0.9767,3.6626,11131.16288,9.456264775,2.364066194,0,11.82033097,0,72.75,Q3,5.247024072,5,6
6073005200,351,1.0416667,-117.1521097,32.7155275,543,100,0,1.6873,1.3382,0.8136,3.4555,18220.78278,12.98701299,4.329004329,0,17.31601732,0,60.73,Q3,5.863631176,5,6
6073005300,98,14.2833333,-117.1615102,32.7156831,30,100,0,1.596,1.4861,1.0857,3.5229,17531.27801,22.34636872,0,0,22.34636872,0,83.03,Q3,4.59511985,5,6
6073005400,13,6.716,-117.1666546,32.7119409,30,100,0.1719001,0.7748,1.0955,0.7576,2.9127,12182.29849,15.3256705,0,0,15.3256705,0,62.52,Q1,2.63905733,5,6
6073005500,0,0,0,0,0,0,0,0.5283,0,0.4008,0.9961,881.9221323,0,#N/A,#N/A,#N/A,0,40.76,Q1,0,5,7
6073005600,28,4.0298507,-117.1472238,32.7303885,544,99.753532,0.024943,0.6193,1.6394,0.4151,3.4775,1736.482292,50,0,50,100,0,54.26,Q2,3.36729583,5,7
6073005700,352,11.1111111,-117.1625607,32.7252818,30,100,0.7797642,2.9141,1.5423,0.7892,3.2319,16432.78321,750,0,1000,1750,0,83.76,Q3,5.866468057,5,7
6073005800,59,1.1015625,-117.1705898,32.7249027,549,100,0.745224,0.8886,0.468,0.402,2.1112,9161.18974,31.00775194,0,0,31.00775194,0,62.85,Q2,4.094344562,5,7
6073005900,28,3.8017241,-117.1642671,32.7293426,537,100,1,0.6025,0.7887,0.183,2.8744,15339.45384,0,0,0,0,0,70.22,Q2,3.36729583,5,7
6073006000,53,3.0226629,-117.164543,32.7360508,500,70.588234,0.9999954,0.5589,1.8709,0.1316,2.944,9656.400029,36.69724771,0,18.34862385,55.04587156,0,40.01,Q2,3.988984047,5,7
6073006100,25,0.9516129,-117.1737119,32.7364189,534,86.58918,0.9085402,1.4641,1.3795,0.8493,1.6306,6915.362897,5.277044855,0,0,5.277044855,0,46.74,Q1,3.258096538,5,7
6073006200,0,0,0,0,0,0,0,0.5039,0,0.0434,0.9961,20.55711993,0,#N/A,#N/A,#N/A,0,73.4,Q1,0,5,7
6073006300,235,0,-117.1977435,32.7377186,107,3.231441,0.9815902,0.8794,0.0144,0.2966,0.9955,4049.26837,0,0,0,0,0,12.52,Q3,5.463831805,5,7
6073006500,314,2.2158273,-117.2008368,32.7521188,454,99.37719,0.7314613,1.7117,2.0037,0.6342,3.7509,1936.136034,57.80346821,0,0,57.80346821,0,31.23,Q3,5.752572639,5,7
6073006600,62,0.0105386,-117.2061684,32.745617,429,94.270836,0,1.2163,1.6929,0.6582,2.2807,9784.597975,10.83423619,0,0,10.83423619,0,12.3,Q2,4.143134726,5,7
6073006801,73,1.2156863,-117.2292656,32.7547551,321,17.059528,0.3542409,1.3501,1.5868,0.2677,1.3396,9398.75064,0,0,0,0,0,20.33,Q2,4.304065093,5,7
6073006802,47,0.470478,-117.218481,32.7501717,30,76.62957,0.0061504,1.163,1.2559,0.6226,2.7361,14432.75199,2.178649237,0,0,2.178649237,0,34.88,Q2,3.871201011,5,7
6073006900,32,0.6698033,-117.2219519,32.7430417,195,30.749805,0.2702314,0.8082,1.6227,0.2013,1.4199,7879.647511,3.319502075,0,0,3.319502075,0,9.13,Q2,3.496507561,5,7
6073007002,23,1.1584,-117.235636,32.7323705,37,9.6029863,0.5188099,0.5066,2.2492,0.1539,0.148,5566.022002,3.47826087,0,0,3.47826087,0,20.51,Q1,3.17805383,5,7
6073007100,34,1.742446,-117.2390197,32.7171992,181,25.571684,0.6634044,0.5949,1.9595,0.0924,2.0042,4389.590043,5.434782609,0,0,5.434782609,0,5.14,Q2,3.555348061,5,7
6073007200,16,1.0883392,-117.2533174,32.7215901,91,4.3509922,0.3355265,0.567,1.0305,0.1236,1.3734,5541.890985,11.50747986,0,0,11.50747986,0,5.19,Q1,2.833213344,5,7
6073007301,90,0.8177874,-117.252275,32.7408214,495,86.418755,0.3738591,0.8806,0.3717,0.0611,1.3127,12779.49718,18.18181818,0,0,18.18181818,0,21.93,Q3,4.510859507,5,7
6073007302,21,1.2225519,-117.2446667,32.7357705,513,0,0.9393006,0.4729,1.4278,0.0499,0.574,6576.269228,5.714285714,0,0,5.714285714,0,34.31,Q1,3.091042453,5,7
6073007400,42,0.5689013,-117.235253,32.7451404,378,51.213959,0.2171007,1.6322,1.5563,0.1333,1.6884,11344.99358,5.876591577,0,0,5.876591577,0,19.19,Q2,3.761200116,5,7
6073007501,129,0.627451,-117.243159,32.751974,542,98.811882,0.0820023,1.5541,0.4515,0.0511,1.598,9271.989722,0,0,0,0,0,20.39,Q3,4.86753445,5,7
6073007502,102,1.1626016,-117.2489105,32.747805,536,93.461418,0.0010151,0.8015,0.5489,0.1476,2.0824,10812.67204,62.1761658,0,0,62.1761658,0,31.72,Q3,4.634728988,5,7
6073007600,122,3.9904306,-117.2254607,32.7815696,431,82.700195,0.9311994,0.9629,1.2482,0.0639,2.8616,1288.380584,0,0,0,0,0,34.03,Q3,4.812184355,1,3
6073007701,0,1.9520295,-117.2400754,32.7883849,342,47.150959,0.6235984,0.8652,1.033,0.0824,1.5456,19056.93149,0,0,0,0,0,34.97,Q1,0,1,3
6073007702,0,0.9065421,-117.2350137,32.7898373,408,59.495972,0.7306546,1.3503,0.4309,0.1633,1.8262,14860.27446,36.36363636,0,0,36.36363636,0,11.17,Q1,0,1,3
6073007800,52,0.4195122,-117.2243397,32.8039041,469,80.939903,0.7561186,1.3867,0.4203,0.705,2.1139,7640.223007,10.84598698,0,2.169197397,13.01518438,0,11.27,Q2,3.970291914,1,3
6073007903,68,1.7047619,-117.2397403,32.8025162,491,86.42746,0,1.2657,0.381,0.0316,1.3024,15919.11544,6.230529595,0,0,6.230529595,0,19.7,Q2,4.234106505,1,3
6073007905,0,1.6952381,-117.2526157,32.7996991,538,97.987617,0,1.8142,0.1975,0.0445,1.6398,10331.41493,0,0,0,0,0,32.17,Q1,0,1,3
6073007907,0,0.5842105,-117.2417581,32.7965191,520,63.615486,0,1.1634,0.3032,0.1636,2.0987,16996.38721,39.6039604,0,19.8019802,59.40594059,0,9.83,Q1,0,1,3
6073007908,0,0.5239617,-117.2344938,32.7981576,506,84.852783,0,1.0922,0.1926,0.0831,1.408,16103.3902,38.96103896,0,0,38.96103896,0,36.99,Q1,0,1,3
6073007910,0,1.7676768,-117.2539836,32.7943988,460,80.193062,0,1.0089,0.1281,0.0477,2.7243,11526.41966,16.94915254,0,0,16.94915254,0,14.91,Q1,0,1,3
6073008002,19,0.8065099,-117.2422494,32.8083069,42,0,0.9256144,0.3889,1.2977,0.0812,1.6731,5900.8663,0,0,0,0,0,32.17,Q1,2.995732274,1,3
6073008003,0,1.0092379,-117.254695,32.8047692,471,83.923218,0.2841998,0.4806,0.7416,0.1732,1.3492,11884.7892,0,0,0,0,0,38.15,Q1,0,1,3
6073008006,0,0.7876448,-117.2628601,32.8086093,529,92.509857,0.0964655,0.4911,1.1386,0.1148,1.2765,11284.76828,14.03508772,0,0,14.03508772,0,12.9,Q1,0,1,3
6073008101,52,1.6897959,-117.2778263,32.8329093,448,100,0.6984382,0.9414,1.2793,0.1544,2.2082,8239.470438,7.662835249,0,0,7.662835249,0,24.71,Q2,3.970291914,1,3
6073008102,18,0.8692629,-117.2734661,32.8191521,276,49.425625,0.7883748,0.1239,1.4351,0.0974,1.54,6078.064717,5.361930295,0,0,5.361930295,0,3.13,Q1,2.944438979,1,3
6073008200,53,2.7744807,-117.2757498,32.845504,449,96.690933,0.1011567,0.4215,1.933,0.0492,3.0688,5341.640058,15.91511936,0,0,15.91511936,0,15.15,Q2,3.988984047,1,3
6073008301,36,1.887218,-117.2324258,32.81621,0,0,1,0.4364,1.8206,0.1321,1.8319,3092.709209,0,0,0,0,0,3.97,Q2,3.610917913,1,3
6073008303,27,2.3016667,-117.2571877,32.8407682,220,2.9019153,0.9113286,0.3601,1.9657,0.0334,1.2925,1898.469789,10.05025126,0,0,10.05025126,0,8.35,Q1,3.33220451,1,3
6073008305,42,0.1988473,-117.2318176,32.8797622,1,75.491318,0.7247239,2.589,0.6962,0.8554,2.4038,1942.757662,13.12910284,0,0,13.12910284,0,4.03,Q2,3.761200116,1,3
6073008306,22,1.2804699,-117.2264811,32.8472028,98,11.244578,0.894094,1.0403,1.7212,0.3607,1.0184,3086.758745,5.934718101,0,0,5.934718101,0,24.99,Q1,3.135494216,1,3
6073008307,32,1.7066451,-117.2117936,32.8521593,230,30.78545,0.0178466,0.4349,1.946,0.4891,2.6566,4429.612832,9.160305344,0,0,9.160305344,0,39.49,Q2,3.496507561,1,3
6073008310,24,1.142462,-117.2458162,32.8253173,26,1.3724035,0.9241243,0.3482,1.6156,0.3423,0.7691,2819.04321,11.29943503,0,0,11.29943503,0,4.77,Q1,3.218875825,1,3
6073008311,16,1.0689655,-117.2633257,32.8253212,211,0,0.9726551,0.5627,2.0747,0.2313,1.8,3080.342097,2.735978112,0,0,2.735978112,0,20.77,Q1,2.833213344,1,3
6073008312,38,2.1574803,-117.252727,32.9053825,86,28.988703,1,0.3435,1.9792,0.2902,1.9005,1110.109782,0,0,0,0,0,25.84,Q2,3.663561646,1,3
6073008313,18,1.3808411,-117.2409319,32.8551617,0,18.337078,0.7133751,0.1314,1.6692,0.1378,1.0422,2285.739786,39.90024938,0,0,39.90024938,0,17.82,Q1,2.944438979,1,3
6073008324,33,1.0258065,-117.2502783,32.9516034,79,26.181818,0.4795946,0.1714,1.4949,0.1095,1.1492,3262.663163,4.22832981,0,0,4.22832981,0,5.56,Q2,3.526360525,1,1
6073008327,22,0.5548981,-117.2420969,32.9677976,303,17.419914,0.241707,0.4043,1.6837,0.5057,1.3107,2446.44443,0,0,0,0,0,12.2,Q1,3.135494216,1,1
6073008328,21,0.3411371,-117.2061538,32.9681969,62,0,1,0.5579,1.7613,0.5484,1.0109,1948.481751,4.672897196,0,0,4.672897196,0,23.53,Q1,3.091042453,1,1
6073008329,39,0.2690492,-117.235812,32.944286,316,71.860725,0,1.3117,1.6207,0.6235,1.4775,6876.022145,4.213483146,0,0,4.213483146,0,19.28,Q2,3.688879454,1,1
6073008330,35,0.3603335,-117.2211586,32.9512328,82,24.241356,0.5871131,0.6447,1.1888,0.7417,1.1624,9461.551738,0,0,0,0,0,28.21,Q2,3.583518938,1,1
6073008331,24,0.3669173,-117.2241058,32.9426037,69,51.581509,0.3113624,0.2362,1.3125,0.2354,1.0455,6698.839917,3.189792663,0,0,3.189792663,0,4.58,Q1,3.218875825,1,1
6073008333,10,0.1270883,-117.2092215,32.9260179,143,20.221123,0.6516965,0.4036,1.6132,0.8714,1.2297,2421.368617,1.581027668,0,0,1.581027668,0,11.81,Q1,2.397895273,1,1
6073008335,16,0.1902696,-117.155987,32.9666949,45,12.484584,0.6458988,0.5118,1.5029,0.8468,1.3408,6616.02279,1.117006423,0,0,1.117006423,0,18.82,Q1,2.833213344,1,1
6073008336,27,0.5112782,-117.1331584,32.9678415,0,0,0.9740021,0.3891,1.3024,0.6122,0.5879,7030.114303,0,0,0,0,0,20.39,Q1,3.33220451,1,1
6073008337,19,0.5467757,-117.1357871,32.9583944,171,19.740501,0.630538,1.0878,1.5073,0.556,0.508,7345.371375,1.85528757,0,0,1.85528757,0,20.91,Q1,2.995732274,1,1
6073008339,44,0.3850932,-117.231235,32.9028483,6,9.4441442,0.9990089,1.4536,0.1896,0.8555,1.5885,493.7761797,113.9240506,0,0,113.9240506,0,16.1,Q2,3.80666249,1,3
6073008340,21,0.6909594,-117.2035171,32.8680772,127,35.502892,0.812824,0.8901,0.3422,0.6415,2.3079,9497.755774,10.56338028,0,0,10.56338028,0,26.4,Q1,3.091042453,1,3
6073008341,11,1.797271,-117.2175075,32.8692105,374,100,0.0582575,1.3246,1.0007,0.7269,2.8499,23851.91549,3.669724771,0,0,3.669724771,0,19.47,Q1,2.48490665,1,3
6073008343,40,0.5043937,-117.2175882,32.8626551,150,30.194027,0,1.6628,0.3893,0.6767,2.5842,17589.88132,3.215434084,0,0,3.215434084,0,16.53,Q2,3.713572067,1,3
6073008344,22,0.9642857,-117.1962537,32.8583742,25,8.1744652,0.3794258,0.8492,2.0236,0.3535,1.3139,4211.903709,2.770083102,0,0,2.770083102,0,13.6,Q1,3.135494216,1,3
6073008345,21,2.8692494,-117.1916155,32.8501753,162,24.001228,0.6159396,0.5009,1.8524,0.6189,1.5239,5060.352524,17.69911504,0,0,17.69911504,0,7.58,Q1,3.091042453,1,3
6073008346,12,0.5388601,-117.1877825,32.9125478,4,12.264356,0.997013,0.3447,1.2323,0.9794,0.7294,1145.518542,10.03344482,0,0,10.03344482,0,22.3,Q1,2.564949357,1,1
6073008347,35,0.5270541,-117.1578602,32.9234425,38,13.007235,0.9819936,0.9477,1.6216,1.1008,1.3928,7452.379376,4.103967168,0,0,4.103967168,0,24.6,Q2,3.583518938,1,1
6073008348,29,0.6524008,-117.1629598,32.9147375,271,1.4641566,0.6387355,1.4212,1.3952,1.1582,2.2712,7241.293482,0,0,0,0,0,33.11,Q2,3.401197382,1,1
6073008349,44,0.9910714,-117.1487913,32.9166879,287,54.467842,0.4004927,2.0297,1.7476,1.2913,1.8427,9398.45896,15.60062402,0,6.24024961,21.84087363,0,53.5,Q2,3.80666249,1,1
6073008350,34,0.4339328,-117.1716969,32.8914561,22,11.02726,0.6166473,0.6043,0.6558,1.044,2.2201,1057.930438,3.442340792,0,0,3.442340792,0,35.37,Q2,3.555348061,1,1
6073008351,62,0.78125,-117.1501108,32.9071751,305,22.600328,0.5374329,1.9374,1.6745,1.4084,2.1903,11003.45604,4.555808656,0,0,4.555808656,0,36.6,Q2,4.143134726,1,1
6073008352,33,0.670151,-117.1381437,32.9272107,315,48.649418,1,1.2498,1.9373,1.3795,2.1224,14877.51024,6.880733945,0,0,6.880733945,0,36.67,Q2,3.526360525,1,1
6073008353,21,0.7653575,-117.133675,32.9328144,0,0,1,1.4987,1.1927,1.027,1.8642,6941.354761,2.040816327,0,0,2.040816327,0,29.23,Q1,3.091042453,1,1
6073008354,23,0.3380282,-117.1186741,32.9332185,40,13.345613,0.9413074,0.8091,0.8443,1.1665,1.0245,5762.95901,0,0,0,0,0,21.48,Q1,3.17805383,1,1
6073008355,53,0.474934,-117.1266054,32.9217552,240,50.074295,0.2713896,1.1235,1.5637,1.2733,1.6492,11463.16631,4.250797024,0,0,4.250797024,0,53.64,Q2,3.988984047,1,1
6073008356,36,0.5447942,-117.1397621,32.9209153,147,14.714797,0.5632829,0.9693,1.2404,1.1028,1.1973,16882.54435,0,0,0,0,0,44.82,Q2,3.610917913,1,1
6073008357,15,0.4533703,-117.135326,32.9164937,168,39.194477,0,1.4431,1.6958,1.434,2.2187,13797.24807,1.941747573,0,0,1.941747573,0,43.5,Q1,2.772588722,1,1
6073008358,50,1.0025,-117.1335089,32.9099606,213,28.303326,0.3823271,1.8178,2.0486,1.1956,2.7879,10538.68425,15.81027668,0,0,15.81027668,0,51.17,Q2,3.931825633,1,1
6073008359,40,0.208498,-117.1204728,32.9103179,270,4.8805032,0.7942263,1.7026,1.1523,1.1436,2.8306,9663.105985,0,0,0,0,0,35.13,Q2,3.713572067,1,1
6073008360,74,0.5307087,-117.1295038,32.8998788,214,0,0.9005526,1.3195,1.8826,1.1345,2.3197,5905.162386,9.360374415,0,0,9.360374415,0,53.27,Q2,4.317488114,1,1
6073008361,0,0.7227273,-117.2341464,32.8680044,533,100,0,1.9286,0.5338,0.3142,1.7164,12445.57482,0,0,0,0,0,33.29,Q1,0,1,3
6073008362,0,0.8191964,-117.2334092,32.8589728,64,16.778095,0.4197717,1.1893,0.7668,0.2442,1.3953,9650.060516,0,0,0,0,0,6.89,Q1,0,1,3
6073008363,0,0.5505837,-117.2229262,32.8654716,306,46.799431,0,1.5298,0.5295,1.1551,2.4161,52479.00967,0,0,0,0,0,18.23,Q1,0,1,3
6073008364,0,0.6424361,-117.2274041,32.8599014,212,91.686699,0.1090352,1.0991,0.4195,0.6941,1.8388,13732.21063,0,0,0,0,0,7.33,Q1,0,1,3
6073008365,0,0.4054422,-117.144382,32.9411064,0,0,1,0.6104,0.8596,0.6778,0.1195,3434.297032,0,0,0,0,0,11.98,Q1,0,1,1
6073008366,0,0.246161,-117.160587,32.9525769,1,0,0.9550106,0.6146,1.2228,0.8743,0.6515,2611.828068,2.301495972,0,0,2.301495972,0,17.78,Q1,0,1,1
6073008501,32,0.6066946,-117.2237382,32.8318456,319,0,0.9995887,1.2487,1.1997,0.2085,1.1598,4755.500354,12.20752798,0,0,12.20752798,0,12.73,Q2,3.496507561,1,3
6073008502,49,0.9227053,-117.206765,32.8373057,129,15.750681,0.5499533,1.4862,1.7656,0.5754,2.5499,5043.269698,3.565062389,0,0,3.565062389,0,28.23,Q2,3.912023005,1,3
6073008503,48,0.8479117,-117.2135819,32.8176578,292,29.746931,0.6402719,1.4624,2.1062,0.4949,1.8054,4880.207899,3.281378179,0,0,3.281378179,0,29.58,Q2,3.891820298,1,3
6073008504,40,1.0631199,-117.195777,32.8226369,180,31.506393,0.5126234,1.4159,2.0371,0.5409,2.5208,4720.55661,8.800880088,0,0,8.800880088,0,44.87,Q2,3.713572067,1,3
6073008505,40,0.7566079,-117.1850238,32.8402976,363,57.359501,0.5101536,2.0143,0.9186,0.8678,1.572,5472.958388,1.928640309,0,0,1.928640309,0,33.48,Q2,3.713572067,1,3
6073008506,57,0.682266,-117.1867776,32.8302338,396,60.291935,0.3566032,1.346,1.2794,0.7779,1.7742,9173.65764,4.608294931,0,0,4.608294931,0,52.94,Q2,4.060443011,1,3
6073008507,78,0.6867863,-117.1737801,32.8262504,377,47.698963,0.2600236,1.637,2.4915,0.8178,2.5944,9277.745997,4.542873367,0,0,4.542873367,0,37.44,Q3,4.369447852,1,3
6073008509,54,0.9050152,-117.1718159,32.8149643,47,12.667369,0.3986936,1.592,2.0654,0.7239,2.8431,9893.97938,8.374040475,0,0,8.374040475,0,48.97,Q2,4.007333185,1,3
6073008510,59,1.3421859,-117.1629093,32.8083089,197,25.777241,0.0404737,1.6154,1.9901,0.8723,2.5026,8818.596732,3.827751196,0,0,3.827751196,0,37.27,Q2,4.094344562,1,3
6073008511,107,0.4222539,-117.1415783,32.8259958,74,38.435246,0.6416383,1.2352,1.627,0.959,3.3224,528.5866182,26.21722846,3.745318352,3.745318352,33.70786517,0,50.92,Q3,4.682131227,1,3
6073008512,26,1.0386941,-117.1881489,32.8093223,229,9.6589556,0.6772562,1.0942,2.212,0.3217,1.0735,5268.665667,9.535160906,0,0,9.535160906,0,16.01,Q1,3.295836866,1,3
6073008513,26,0.6766021,-117.1810994,32.8034143,154,0,0.9295565,0.7034,1.6957,0.379,0.6539,5306.194793,2.72479564,0,0,2.72479564,0,39.45,Q1,3.295836866,1,3
6073008600,68,0.3572282,-117.1779398,32.7908268,405,20.236013,0.4186378,2.6904,2.1626,1.5169,3.3625,6880.405318,3.47826087,0,1.15942029,4.637681159,0,46.48,Q2,4.234106505,5,7
6073008701,73,0.1990291,-117.1638831,32.7980374,136,36.417732,0.9441852,1.6573,1.5075,0.6736,2.7848,5376.335759,0,0,0,0,0,36.66,Q2,4.304065093,5,7
6073008702,79,0.8634886,-117.155885,32.7883567,300,4.8789859,0.7387538,1.5421,1.5196,0.9549,2.5215,4816.649706,2.004008016,0,0,2.004008016,0,42.41,Q3,4.382026635,5,7
6073008800,59,0.5177017,-117.165353,32.7824761,370,49.256626,0.2242169,3.0643,2.6482,1.574,2.697,12056.43817,0,0,0,0,0,35.85,Q2,4.094344562,5,7
6073008901,51,1.0572831,-117.1727594,32.7726384,403,50.780437,0.6699242,1.8896,1.0288,1.0929,2.0632,9883.545008,24.16918429,0,0,24.16918429,0,26.04,Q2,3.951243719,5,7
6073008902,117,3.109375,-117.179893,32.7635585,318,69.473213,1,0.8146,1.6474,0.3432,1.6238,1991.629096,0,0,0,0,0,9.32,Q3,4.770684624,5,7
6073009000,95,0.3658031,-117.1788279,32.7782882,72,20.40922,0.4122619,2.3917,1.7422,1.3035,2.5684,8444.803264,13.72997712,0,0,13.72997712,0,56.63,Q3,4.564348191,5,7
6073009101,26,1.7945578,-117.2039519,32.800198,122,11.395262,0.6881616,1.1009,1.5368,0.3758,1.1154,5230.510576,13.65187713,0,0,13.65187713,0,26.28,Q1,3.295836866,1,3
6073009102,77,0.988,-117.1955335,32.8035298,159,30.930166,0.6924276,1.945,1.6396,0.6548,2.6743,9405.215095,0,0,0,0,0,7.23,Q3,4.356708827,1,3
6073009103,43,1.3893511,-117.1956419,32.7878017,210,43.218266,0.4250323,1.0419,1.5954,0.3789,2.2513,4933.015724,13.28903654,0,0,13.28903654,0,19.35,Q2,3.784189634,5,7
6073009104,23,1.4773176,-117.1959381,32.7798721,130,33.081081,1,0.709,1.9518,0.1467,0.4902,4339.440209,25.10460251,0,0,25.10460251,0,17.17,Q1,3.17805383,5,7
6073009106,76,0.8720379,-117.1982516,32.7712924,283,95.543533,1,1.7678,0.516,0.3148,3.1588,4858.738746,0,0,0,0,0,12.93,Q3,4.343805422,5,7
6073009107,43,1.0178571,-117.1885238,32.7677269,272,75.027115,1,1.371,0.7624,0.6393,2.6271,13342.68177,0,0,0,0,0,13.62,Q2,3.784189634,5,7
6073009201,99,0.2789161,-117.146338,32.8015387,218,36.75708,0.9945922,2.153,1.6741,0.8168,2.6022,8329.261275,3.584229391,0,0,3.584229391,0,48.07,Q3,4.605170186,5,7
6073009202,46,0.6272727,-117.1428842,32.7860364,193,44.963867,0.9033841,0.9103,1.6319,0.518,1.2593,3307.759363,0,0,0,0,0,13.86,Q2,3.850147602,5,7
6073009301,67,0.5283976,-117.1342573,32.8015574,83,16.49856,1,1.5556,1.4019,0.9056,2.1127,8115.798908,8.008008008,0,0,8.008008008,0,31.57,Q2,4.219507705,5,7
6073009304,56,0.4630435,-117.1371758,32.773662,442,76.73716,0.4695775,0.9902,0.7483,0.5485,1.4721,3915.613029,5.376344086,0,2.688172043,8.064516129,0,24.29,Q2,4.043051268,5,7
6073009305,0,0.5782557,-117.1278103,32.7912089,21,48.685383,1,1.1373,1.0889,0.3893,2.7386,7891.315548,4.750593824,0,0,4.750593824,0,18.69,Q1,0,5,7
6073009306,0,1.0854839,-117.1197526,32.7997476,228,0,0.7572617,0.8669,0.8319,0.5459,1.6939,5358.97673,2.040816327,0,0,2.040816327,0,40.73,Q1,0,5,7
6073009400,85,0,-117.1173287,32.8653406,215,33.850437,0.1529337,1.3253,0.7261,0.3309,1.6917,232.3088062,4.338394794,0,0,4.338394794,0,9.89,Q3,4.454347296,1,1
6073009502,32,0.9685452,-117.1102052,32.8336423,131,22.847773,0.359567,0.8103,1.7527,0.5557,1.5502,2940.311116,5.633802817,0,0,5.633802817,0,19.89,Q2,3.496507561,1,3
6073009504,24,0.3188025,-117.0284232,32.9019274,0,0,0,0.2893,1.7001,0.468,1.7164,285.2040361,2.007024586,0,0,2.007024586,0,25.39,Q1,3.218875825,3,4
6073009505,25,0.7111888,-117.0656323,32.8437051,28,10.819621,0.8493409,0.5232,1.5662,0.6277,0.9406,1001.085179,5.594405594,0,0,5.594405594,0,20.99,Q1,3.258096538,5,6
6073009506,48,0.6688525,-117.0924729,32.8247352,223,34.617191,0.3163234,0.7035,1.8429,0.4462,1.5404,6911.845067,0,0,0,0,0,16.47,Q2,3.891820298,5,6
6073009507,41,0.6952625,-117.0747667,32.8149696,1,0,0.9935235,0.4405,1.6695,0.3569,1.8265,2345.942801,0,0,0,0,0,32.1,Q2,3.737669618,5,6
6073009509,57,0.4450952,-117.0870148,32.8089036,97,2.0793037,0.8216088,0.6782,1.2729,0.7761,2.4162,1969.22761,35.29411765,0,0,35.29411765,0,27.4,Q2,4.060443011,5,7
6073009510,0,0.0080817,-117.109307,32.8171162,333,5.9563594,0.6885807,1.9892,1.7334,0.4927,0.3687,7665.783054,1.758241758,0,0,1.758241758,0,25.43,Q1,0,5,7
6073009511,0,0.0199406,-117.1085759,32.8036915,1,0,0.7101258,2.174,1.813,0.2907,0.8959,7473.240316,0,0,0,0,0,37.8,Q1,0,5,7
6073009602,35,1.1828255,-117.0846348,32.7987225,241,35.311256,0.2900353,0.8038,1.9725,0.325,2.3224,4916.245265,6.269592476,0,0,6.269592476,0,33.24,Q2,3.583518938,5,7
6073009603,75,1.7234637,-117.1067006,32.7859743,418,75.358482,0.9869746,1.5662,1.7105,0.722,2.5655,8385.882333,3.372681282,0,0,3.372681282,0,14.39,Q2,4.33073334,5,7
6073009604,15,0.668883,-117.0917261,32.7867685,246,35.262661,0.3905588,1.1895,1.8071,0.5722,2.07,4824.303199,25.80645161,0,0,25.80645161,0,37.17,Q1,2.772588722,5,7
6073009703,48,0.9395973,-117.0736093,32.795586,110,15.583285,0.6492976,1.2273,2.2308,0.2578,0.7626,5173.205234,5.943536404,0,0,5.943536404,0,27.43,Q2,3.891820298,5,6
6073009704,31,0.975793,-117.0607193,32.8068307,52,7.7739129,0.8550964,0.7539,2.3422,0.2805,1.4144,4953.084503,1.635322976,0,0,1.635322976,0,26,Q2,3.465735903,5,6
6073009705,52,1.3301127,-117.073373,32.78497,185,0,0.6026179,1.0255,1.9695,0.4998,1.3783,3693.213749,10.15228426,0,0,10.15228426,0,23.22,Q2,3.970291914,5,6
6073009706,45,1.4923664,-117.0489527,32.7864961,176,14.179531,0.4762356,0.6066,2.0088,0.4566,1.2938,3038.011144,5.12382579,0,0,5.12382579,0,14.45,Q2,3.828641396,5,6
6073009801,44,1.3897764,-117.030735,32.7984505,87,41.295464,0.8164671,0.8479,2.4072,0.5282,2.6123,5725.38023,9.467455621,0,0,9.467455621,0,27.67,Q2,3.80666249,2,2
6073009802,82,0.7100313,-117.0140841,32.7968558,351,48.713326,0.2115172,1.7182,1.9256,0.5757,2.1263,8247.289858,4.942339374,0,0,4.942339374,0,31.93,Q3,4.418840608,2,2
6073009804,38,0.9951028,-117.0134472,32.8085467,67,16.886654,0.6964655,0.5444,2.2865,0.3379,0.9498,6522.100891,1.908396947,0,0,1.908396947,0,17.03,Q2,3.663561646,2,2
6073009805,38,0.9258517,-117.0343554,32.8156078,29,16.436903,0.7992392,0.6801,1.8049,0.3217,1.4105,1863.3795,3.629764065,0,0,3.629764065,0,22.75,Q2,3.663561646,2,2
6073009901,153,0,-117.2455744,32.6853619,0,0,1,0.4519,0,0.4341,0.9949,338.6113402,0,#N/A,#N/A,#N/A,0,0.45,Q3,5.036952602,5,6
6073009902,0,0,0,0,0,0,0,0.3219,0,0.2753,0.9961,23730.22994,0,#N/A,#N/A,#N/A,0,0,Q1,0,5,6
6073010001,75,0.8771429,-117.0554913,32.586813,519,4.2226019,0.5603258,1.8882,2.6818,1.571,0.7553,4469.32917,11.53402537,0,0,11.53402537,0,34.04,Q2,4.33073334,2,2
6073010003,45,0.7934705,-117.0440935,32.5788424,121,6.0954962,0.5920495,2.7701,2.315,1.5438,2.2756,12789.79481,1.243781095,0,0,1.243781095,0,54.69,Q2,3.828641396,2,2
6073010004,89,0.8588589,-117.0523008,32.5709007,243,16.948067,0.2489087,3.0614,2.5134,1.6502,1.4307,8359.918977,2.085505735,0,0,2.085505735,0,36.62,Q3,4.49980967,2,2
6073010005,94,0.4423868,-117.0496159,32.5641527,89,0,0.0082675,3.6613,3.0413,1.8085,3.8165,13633.71343,3.288121661,0,0,3.288121661,0,69.45,Q3,4.553876892,2,2
6073010009,83,0.1561353,-117.0528794,32.5473763,134,23.6964,0.1483042,3.2694,2.5614,1.8306,3.3443,4975.144162,0.872600349,0,0,0.872600349,0,47.45,Q3,4.430816799,2,2
6073010010,44,0.7981995,-117.0636964,32.5783698,420,37.586208,0.3921604,3.0988,2.8019,1.5188,3.1186,13137.40956,0,0,0,0,0,57.26,Q2,3.80666249,2,2
6073010011,78,0.517562,-117.0547796,32.5795147,249,14.61602,0.8376768,2.7636,2.4853,1.3457,2.2974,11544.82757,0,0,0,0,0,42.27,Q3,4.369447852,2,2
6073010012,62,0.3560454,-117.0584994,32.5607791,453,78.541801,0,3.2361,2.9663,1.8625,3.3812,20395.97984,0,0,0,0,0,62.92,Q2,4.143134726,2,2
6073010013,107,0.3237493,-117.047455,32.5555517,489,52.388767,0,3.7411,2.8626,1.8896,3.7778,18335.87398,1.031991744,0,2.063983488,3.095975232,0,55.02,Q3,4.682131227,2,2
6073010014,37,0.2486762,-116.9784514,32.5754388,264,0,0,1.7839,1.456,1.3677,2.4368,1875.145642,0.393313668,0,0,0.393313668,0,47.29,Q2,3.63758616,2,2
6073010015,106,0.1713961,-116.9530603,32.560142,139,0,0.6263478,2.1801,2.2854,1.6782,2.268,170.0847685,2.364066194,0,0,2.364066194,0,22.66,Q3,4.672828834,2,2
6073010103,71,0.291598,-117.0958327,32.5996184,475,79.314056,0.0855965,2.9747,2.4734,1.4003,3.4319,5895.421265,0.936329588,0,0,0.936329588,0,41.31,Q2,4.276666119,2,2
6073010104,56,0.504065,-117.0970321,32.5673601,1,0,0.4804889,1.8418,2.4334,1.1161,1.7116,5260.395747,0,0,0,0,0,59.71,Q2,4.043051268,2,2
6073010106,39,0.3952641,-117.0723177,32.5717846,312,40.076923,0.4404786,3.3322,2.8223,1.691,3.6181,11352.37727,0,0,0,0,0,33.01,Q2,3.688879454,2,2
6073010107,42,0.5645056,-117.0793152,32.5820941,404,57.525391,0.3169639,2.6225,2.4243,1.5056,3.5739,7814.03149,2.350176263,0,0,2.350176263,0,43.35,Q2,3.761200116,2,2
6073010109,59,0.6197183,-117.0884184,32.5494881,382,32.905331,0.5401934,2.5732,1.9586,1.5669,2.6367,982.2994203,0,0,0,0,0,39.95,Q2,4.094344562,2,2
6073010110,87,0.3042802,-117.0885683,32.5703957,235,7.495204,0.5783003,2.6559,2.7884,1.5404,2.9986,9509.839379,0.791139241,0,0,0.791139241,0,56.31,Q3,4.477336814,2,2
6073010111,86,0.4738068,-117.0662396,32.5641819,335,32.48698,0.0511712,3.5739,3.0558,1.806,3.0788,13793.11114,2.006018054,0,0,2.006018054,0,64.94,Q3,4.465908119,2,2
6073010112,54,0.2241169,-117.0804032,32.5689086,350,18.807724,0.9993101,3.4849,2.6256,1.7156,3.4368,16475.52006,1.224739743,0,0,1.224739743,0,47.55,Q2,4.007333185,2,2
6073010200,93,0.8746356,-117.1145672,32.5653537,337,54.264706,0.3245264,2.3528,2.2379,0.4823,3.1285,2458.460262,6.553079948,0,0,6.553079948,0,50.31,Q3,4.543294782,2,2
6073010300,64,0.548659,-117.1144635,32.575638,284,13.090748,0.0995545,2.4974,2.4777,1.07,3.0104,10406.0022,3.157063931,0,0,3.157063931,0,52.35,Q2,4.17438727,2,2
6073010401,54,0.256894,-117.1072875,32.5794072,30,80.838081,0.4555248,3.0699,2.2652,1.3474,2.1701,15074.2841,3.344481605,0,0,3.344481605,0,47.83,Q2,4.007333185,2,2
6073010402,69,0.1915477,-117.1057746,32.5727796,524,42.551277,0,3.1442,2.5664,1.312,2.731,23010.06084,2.134471718,0,0,2.134471718,0,58.27,Q2,4.248495242,2,2
6073010501,63,0.900369,-117.1255468,32.5854741,458,84.717377,0.0716706,1.8957,2.2155,0.6941,1.7966,9029.642839,5.509641873,0,0,5.509641873,0,43.85,Q2,4.158883083,2,2
6073010502,65,0.2242178,-117.1129542,32.5860463,480,83.877403,0.3521856,2.886,2.3234,1.3866,3.0162,14244.09012,2.1893815,0,1.09469075,3.28407225,0,63.76,Q2,4.189654742,2,2
6073010601,2,2.2115869,-117.1291938,32.623646,3,32.063938,1,0.3816,2.0913,0.3883,0.6285,1628.412116,0,0,0,0,0,15.37,Q1,1.098612289,2,2
6073010800,27,0.8092692,-117.182643,32.6906311,286,45.02092,0.2172446,0.7579,1.5122,0.0681,1.3558,11339.60447,0,0,0,0,0,6.34,Q1,3.33220451,5,6
6073010900,16,1.3421687,-117.1703733,32.6854276,275,66.457146,0.0429242,0.3346,2.5517,0.1105,1.333,4199.498057,4.79616307,0,0,4.79616307,0,10.83,Q1,2.833213344,5,6
6073011000,27,1.3634868,-117.170224,32.6938849,239,81.243301,0,0.3593,1.9869,0.2299,2.6971,10231.87394,11.15241636,0,0,11.15241636,0,7.95,Q1,3.33220451,5,6
6073011100,43,0.8121927,-117.1785782,32.6973819,183,53.163872,0.5683483,0.4701,1.8132,0.1046,1.2552,12067.03591,2.254791432,0,0,2.254791432,0,4.91,Q2,3.784189634,5,6
6073011300,27,0,-117.2096422,32.6992345,0,0,0.0783238,0.92,0.5579,0.4296,1.7189,694.8539624,0,0,0,0,0,0.69,Q1,3.33220451,5,6
6073011601,64,0.1854141,-117.0964015,32.6663314,546,68.833817,0.3395953,3.4452,1.9259,1.7456,3.8019,21278.57853,1.077586207,0,0,1.077586207,0,70.29,Q2,4.17438727,2,2
6073011602,98,0.3252525,-117.0941732,32.6599903,430,56.722427,0.5806635,3.2121,2.3472,1.7092,4.3893,8781.68266,3.552397869,0,1.776198934,5.328596803,0,81.63,Q3,4.59511985,2,2
6073011700,68,0.8680033,-117.0970458,32.6738101,547,93.444557,0.0783664,2.793,2.3778,1.7904,3.8339,9924.78446,11.23595506,0,1.605136437,12.84109149,0,72.19,Q2,4.234106505,2,2
6073011801,116,0.4067416,-117.1041616,32.6804224,522,74.147942,0,3.1896,2.3681,1.6694,2.9683,15419.98419,3.816793893,0,0,3.816793893,0,61.31,Q3,4.762173935,2,2
6073011802,120,0.1717452,-117.096668,32.684033,499,57.647232,0,3.0088,2.097,1.7629,3.2303,21058.88514,0.89206066,0,0.89206066,1.78412132,0,62.08,Q3,4.795790546,2,2
6073011902,91,1.3277134,-117.0816035,32.6883686,379,15.993137,0.0431117,2.6013,1.7899,1.3827,2.8308,8577.313726,3.294892916,0,1.647446458,4.942339374,0,66.58,Q3,4.521788577,2,2
6073012002,56,1.092437,-117.0792559,32.6817745,30,26.331812,0,2.5529,2.5693,1.5499,3.4817,16941.44311,0,0,0,0,0,74.67,Q2,4.043051268,2,2
6073012003,69,0.5849802,-117.0744466,32.6801039,402,35.660995,0.0201455,2.5414,2.2211,1.4355,3.0898,8035.590829,7.8125,0,0,7.8125,0,62.11,Q2,4.248495242,2,2
6073012101,50,0.4886536,-117.0878571,32.6651034,434,76.55481,0,2.3932,2.3788,1.3223,2.7247,9561.281156,0,0,0,0,0,66.88,Q2,3.931825633,2,2
6073012102,83,0.4170124,-117.0785905,32.6703501,352,2.5007625,0.400997,2.9783,1.7991,1.5603,2.5606,8626.424515,4.624277457,0,0,4.624277457,0,70.48,Q3,4.430816799,2,2
6073012200,105,0.3904338,-117.0738536,32.6639283,409,41.791943,0.962515,2.9904,2.7797,1.4565,2.2143,5183.728866,2.026342452,0,0,2.026342452,0,56.53,Q3,4.663439094,2,2
6073012302,85,0.7096774,-117.080293,32.6409446,30,100,0.0739814,2.0954,3.1436,1.3328,3.4314,11909.61001,4.237288136,0,0,4.237288136,0,40.18,Q3,4.454347296,2,2
6073012303,90,1.3333333,-117.0732999,32.6512908,274,50.976391,0.6868853,2.5978,2.1773,1.2866,3.6769,5873.645827,10.32702238,0,0,10.32702238,0,38.23,Q3,4.510859507,2,2
6073012304,39,0.6316411,-117.0701179,32.6439929,357,63.715782,0.7066842,1.307,2.4106,0.836,2.0223,7162.649306,0,0,0,0,0,52.46,Q2,3.688879454,2,2
6073012401,48,0.4369501,-117.0905516,32.6511008,545,53.862896,0.0013648,3.5192,2.6625,1.4141,3.4474,6478.004507,2.05338809,0,0,2.05338809,0,56.3,Q2,3.891820298,2,2
6073012402,72,0.4249084,-117.0878962,32.6430592,541,57.153351,0,2.7779,2.1758,1.3222,3.2899,15296.58731,5.365526492,0,0,5.365526492,0,57.94,Q2,4.290459441,2,2
6073012501,0,0.8687316,-117.0936978,32.6335939,535,86.36599,0,3.3284,2.8095,1.5415,3.5091,16755.92205,0,0,0,0,0,47.32,Q1,0,2,2
6073012502,0,0.2775665,-117.1094056,32.6421028,30,100,0,3.2345,2.1248,1.651,3.4111,3742.563677,1.936108422,0,0,1.936108422,0,56.36,Q1,0,2,2
6073012600,111,0.4042904,-117.1032969,32.6205359,419,72.974045,0.1907687,3.1411,2.071,1.5333,3.7622,3898.540588,1.514004542,0,0,1.514004542,0,45.23,Q3,4.718498871,2,2
6073012700,161,0.5109135,-117.0851125,32.6341315,459,70.716446,0.3003682,3.0598,2.8253,1.4728,2.8054,11274.75343,4.421518055,0,0,4.421518055,0,67.31,Q3,5.087596335,2,2
6073012800,66,0.7522581,-117.0709931,32.6358462,338,26.475849,0.6598998,2.5774,2.093,1.3025,2.5817,9639.888115,6.734006734,0,0,6.734006734,0,45.89,Q2,4.204692619,2,2
6073012900,76,0.6371571,-117.0676039,32.6274203,413,27.504446,0.3044768,2.0102,2.5412,1.001,1.8314,6159.667411,13.90498262,0,2.317497103,16.22247972,0,46.73,Q3,4.343805422,2,2
6073013000,87,0.5281174,-117.0798163,32.6248441,477,50.042351,0.0329626,2.8466,3.0628,1.2843,3.9218,10240.06165,9.417304297,0,0,9.417304297,0,28.85,Q3,4.477336814,2,2
6073013102,64,0.3747936,-117.0657271,32.6166605,447,70.248192,0.1925716,2.8837,1.9474,1.5284,3.6432,8294.065675,8.362369338,0,0,8.362369338,0,58.84,Q2,4.17438727,2,2
6073013103,85,0.4142259,-117.0887814,32.6092325,416,45.53973,0.2482976,2.8767,2.7184,1.4457,3.3027,3688.238201,2.873563218,2.873563218,0,5.747126437,0,50.06,Q3,4.454347296,2,2
6073013104,58,0.4894027,-117.0779491,32.6131276,441,75.224846,0.1549451,3.2258,2.2523,1.5616,2.7984,15199.97381,5.194805195,0,0,5.194805195,0,69.02,Q2,4.077537444,2,2
6073013203,57,0.4436718,-117.0642137,32.6067804,455,78.790222,0.1239981,3.7079,2.6556,1.7534,3.3855,16309.03342,4.854368932,0,0,4.854368932,0,61.87,Q2,4.060443011,2,2
6073013204,92,0.434575,-117.0637049,32.5982825,473,75.510712,0,3.3615,2.8405,1.7804,2.9394,14188.10391,1.725625539,0,1.725625539,3.451251079,0,57.24,Q3,4.532599493,2,2
6073013205,85,0.3074074,-117.0802103,32.5966578,467,40.613186,0,3.4394,2.3186,1.6659,3.2885,3325.410589,0,0,0,0,0,65.76,Q3,4.454347296,2,2
6073013206,41,0.7858896,-117.0722501,32.5991876,445,61.384476,0,3.3733,2.7456,1.5648,3.6441,12051.41151,1.013171226,0,1.013171226,2.026342452,0,49.83,Q2,3.737669618,2,2
6073013301,83,0.5269143,-117.0510608,32.623861,65,16.833977,0.7083222,2.4389,2.4485,1.0121,2.7317,8419.253362,5.714285714,0,0,5.714285714,0,55.88,Q3,4.430816799,2,2
6073013302,69,0.6720203,-117.048661,32.6155251,262,20.312183,0.9999432,2.6214,2.4215,1.2886,1.4366,8770.692358,1.908396947,0,0,1.908396947,0,69.57,Q2,4.248495242,2,2
6073013303,93,0.8416507,-117.0502312,32.6077631,232,6.2538195,0.2660535,2.5144,2.3197,1.5668,2.7738,10392.99245,0,0,0,0,0,60.5,Q3,4.543294782,2,2
6073013306,55,0.4917673,-117.0400229,32.6036598,395,12.989734,0.1638985,1.9938,2.389,1.4434,2.1801,8554.018775,1.877934272,0,0,1.877934272,0,68.86,Q2,4.025351691,2,2
6073013307,66,0.6044362,-117.0502967,32.5988025,365,2.1432173,0,2.9314,2.6559,1.557,3.2182,8455.677176,5.494505495,0,0,5.494505495,0,54.47,Q2,4.204692619,2,2
6073013308,77,0.2650206,-117.0490687,32.591757,348,51.487537,0.8629467,2.9556,2.7196,1.6628,1.7716,6346.143307,0,0,0,0,0,52.86,Q3,4.356708827,2,2
6073013309,60,0.5197072,-117.0337536,32.6183278,73,24.696646,0.3148445,1.7301,2.1676,1.1176,1.6028,7727.054922,0.998502247,0,0,0.998502247,0,64.53,Q2,4.110873864,2,2
6073013310,29,0.3054181,-116.9977852,32.6261904,133,9.5890884,0.7870792,1.5525,1.3106,1.2659,2.4171,8500.971585,2.424830262,0,0,2.424830262,0,33.07,Q2,3.401197382,2,2
6073013311,35,0.2281022,-116.960394,32.6390207,66,28.500475,0.4124584,0.8296,1.719,0.9394,1.294,7482.053734,0.622471211,0,0,0.622471211,0,24.55,Q2,3.583518938,2,2
6073013312,72,0.3060403,-117.0326038,32.6009941,289,0,0.6601457,1.6982,2.2355,1.2897,1.086,9065.239304,2.463054187,0,0,2.463054187,0,67.98,Q2,4.290459441,2,2
6073013313,76,0.1793136,-116.9847218,32.6023181,267,0,0,0.8349,1.3989,1.1636,1.1273,1545.161643,2.153432032,0,0,2.153432032,0,18.31,Q3,4.343805422,2,2
6073013314,0,0.1867078,-116.9557609,32.6100121,466,2.3454876,0.8704431,1.3934,1.7014,1.0674,0.5909,2728.543583,2.609992543,0,0,2.609992543,0,35.77,Q1,0,2,2
6073013401,79,1.2082111,-117.0562074,32.6353409,48,15.512729,0.5903032,1.6509,1.599,0.934,1.1898,4901.582818,0,0,0,0,0,59.75,Q3,4.382026635,2,2
6073013409,43,0.8078292,-117.0358624,32.6331941,293,54.460968,0.1326524,1.9462,2.2762,1.0658,2.0798,5336.102743,7.073386384,0,0,7.073386384,0,68.93,Q2,3.784189634,2,2
6073013410,27,0.5261194,-116.9849399,32.6833235,9,2.7286866,0.8894196,0.561,1.8237,0.7954,1.3901,1031.685633,5.657708628,0,0,5.657708628,0,21.5,Q1,3.33220451,2,2
6073013411,35,0.9358289,-117.0130151,32.6602275,258,5.60112,0.8990892,1.0126,1.5773,0.8028,0.9837,2905.826811,9.791921665,0,0,9.791921665,0,31.43,Q2,3.583518938,2,2
6073013412,45,0.9140461,-117.0387029,32.6499247,68,26.012583,0.414686,1.2433,1.5014,1.0708,1.5814,2785.780781,10.38062284,0,0,10.38062284,0,39.37,Q2,3.828641396,2,2
6073013414,37,0.697093,-117.0127578,32.6311503,0,0,0.9083815,1.3401,1.947,0.9748,1.6303,7090.308155,5.285412262,0,0,5.285412262,0,63.72,Q2,3.63758616,2,2
6073013415,38,1.1545064,-116.9983443,32.6383744,231,35.67326,0.4794902,1.0699,1.5625,0.7759,0.5118,3474.563517,16.39344262,0,0,16.39344262,0,45.11,Q2,3.663561646,2,2
6073013416,31,0.742268,-116.9935066,32.6481404,256,41.772488,0.1572401,0.9701,1.7571,1.0019,1.7851,4554.213247,2.298850575,0,0,2.298850575,0,12.2,Q2,3.465735903,2,2
6073013417,15,0.6854167,-116.9844864,32.6590401,0,0,0.6918478,1.6042,1.8656,1.0347,0.2235,2788.297843,16.42710472,0,0,16.42710472,0,21.34,Q1,2.772588722,2,2
6073013418,34,0.4691781,-116.977811,32.6499238,0,0,0.0395836,1.9393,2.5573,1.3541,2.6498,9489.616985,0,0,0,0,0,9.62,Q2,3.555348061,2,2
6073013419,19,0.314263,-116.9524957,32.6537849,1,47.121941,0.5293216,1.1182,1.7686,1.1645,1.3056,3842.111184,11.71058135,0,0,11.71058135,0,13.88,Q1,2.995732274,2,2
6073013420,0,0.7639665,-117.021233,32.6400015,84,18.957073,0.4814879,1.96,1.3958,1.2442,3.0322,5436.95803,6.403415155,0,0,6.403415155,0,40.96,Q1,0,2,2
6073013421,0,0.4709208,-117.0210214,32.6453703,155,24.920128,0.5497646,1.4139,1.6419,1.2443,1.4799,5145.137801,5.524861878,0,0,5.524861878,0,47,Q1,0,2,2
6073013503,101,0.6007326,-116.9812065,32.73925,242,27.389196,0.5661884,2.4612,2.7044,0.9205,2.2677,5277.20038,7.692307692,0,0,7.692307692,0,63.92,Q3,4.624972813,3,4
6073013504,40,0.5550406,-116.9791564,32.7256572,92,0,0.6776969,1.3281,2.4748,0.7519,0.6032,4396.023576,2.026342452,0,0,2.026342452,0,61.04,Q2,3.713572067,3,4
6073013505,128,0.6459685,-116.9642155,32.7373196,41,13.41799,0.4467322,1.4992,2.6258,0.5995,2.4161,4553.49117,5.444646098,0,0,5.444646098,0,27.68,Q3,4.859812404,3,4
6073013506,5,0.3260706,-116.9605154,32.7223766,393,58.791679,0.6160079,2.4489,2.8533,0.8155,2.0842,1849.378997,0,0,0,0,0,22.07,Q1,1.791759469,3,4
6073013601,73,0.939793,-116.9758103,32.7537922,282,38.689888,0.4312849,1.9417,2.1848,0.4213,3.0196,4127.879007,14.76793249,0,0,14.76793249,0,37.36,Q2,4.304065093,3,4
6073013604,24,0.550035,-116.9177769,32.7537863,179,3.5627136,0.9916895,1.7215,1.924,0.643,2.1585,4423.48715,2.588996764,0,0,2.588996764,0,31.95,Q1,3.218875825,3,4
6073013605,29,0.6677378,-116.9481393,32.7589751,514,2.9882605,0.9534131,1.0187,1.6936,0.3963,1.1378,2856.34367,5.315614618,0,0,5.315614618,0,36.59,Q2,3.401197382,3,4
6073013606,48,0.9296149,-116.9434877,32.7472342,227,41.324772,0.6523714,1.4809,2.7044,0.6572,2.4228,4582.195484,12.0886501,0,0,12.0886501,0,11.15,Q2,3.891820298,3,4
6073013701,47,1.32,-116.9918436,32.7561469,156,26.615646,0.712908,0.6808,1.8805,0.4639,0.8468,2528.710803,15.91511936,0,0,15.91511936,0,14.56,Q2,3.871201011,3,4
6073013702,104,0.3294347,-116.9969521,32.7405936,320,2.1093895,0.7987758,2.5294,2.3931,1.055,3.0471,6136.430694,0,0,0,0,0,67.83,Q3,4.65396035,2,2
6073013801,60,0.6260297,-117.0086151,32.7480825,360,39.111298,0.4457182,1.4116,2.1271,0.7685,1.9347,5709.122901,6.274509804,0,0,6.274509804,0,35.72,Q2,4.110873864,2,2
6073013802,75,0.1884817,-117.0104099,32.734589,317,22.150829,1,2.6487,2.7269,1.1234,2.9404,10856.47213,0,0,0,0,0,63.35,Q2,4.33073334,2,2
6073013903,130,0.9330669,-116.996053,32.7017506,273,43.318756,0.8986368,1.7163,2.6885,0.9775,3.3882,4818.642426,7.984031936,0,0,7.984031936,0,54.67,Q3,4.875197323,2,2
6073013905,67,0.3027344,-116.9900814,32.7222385,43,0,1,1.5261,1.6595,0.9571,0.3122,4614.400491,0,0,0,0,0,41.2,Q2,4.219507705,2,2
6073013906,84,0.4676205,-117.0071856,32.7267911,266,0,0.7702582,2.6836,2.6906,1.1103,2.6297,7057.768382,1.616814875,0,0,1.616814875,0,43.64,Q3,4.442651256,2,2
6073013907,88,0.2050179,-117.0027482,32.7202478,307,0,0.8558313,3.1671,2.8236,1.3856,3.4478,7998.035166,0,0,0,0,0,66.31,Q3,4.48863637,2,2
6073013908,146,0.3082134,-117.0050292,32.7112382,527,48.435814,0.6662159,2.4161,2.6017,1.0526,2.747,9302.957285,5.83090379,0,0,5.83090379,0,56.15,Q3,4.990432587,2,2
6073013909,98,0.417284,-116.9898629,32.7116102,285,15.393184,1,2.6956,2.8395,1.2024,2.23,10056.27204,1.70794193,0,0,1.70794193,0,62.82,Q3,4.59511985,2,2
6073014001,81,0.5509854,-117.023685,32.7369483,175,23.23974,0.7755988,2.5663,2.9725,1.134,2.3979,7172.114551,6.1462815,0,0,6.1462815,0,58.98,Q3,4.406719247,2,2
6073014002,106,0.4823826,-117.0195675,32.7249965,112,3.409091,0.5841438,2.0885,2.4598,1.1345,2.4842,5819.970783,6.230529595,0,0,6.230529595,0,39.14,Q3,4.672828834,2,2
6073014101,80,0.3600764,-117.0325983,32.7243261,81,0,0.5505875,2.5097,2.6349,0.788,1.948,7839.060968,1.782531194,0,0,1.782531194,0,65.21,Q3,4.394449155,2,2
6073014102,97,0.827503,-117.0381036,32.7163209,58,0,0.3623744,2.6941,2.614,1.4479,1.1804,8136.206501,5.102040816,0,0,5.102040816,0,56.23,Q3,4.584967479,2,2
6073014200,69,0.6497386,-117.0431132,32.7274195,75,0,0.8851449,2.2107,2.3075,0.9933,1.7849,6881.039162,4.528301887,0,0,4.528301887,0,51.74,Q2,4.248495242,2,2
6073014300,74,0.314,-117.0418316,32.7375847,299,34.162521,0.1750378,2.0163,1.8316,1.1303,2.0256,8146.623248,23.8948626,0,0,23.8948626,0,55.25,Q2,4.317488114,2,2
6073014400,160,0.6529284,-117.0341068,32.7435374,457,100,0.2638506,3.229,2.7125,1.229,3.5606,4991.801469,2.317497103,2.317497103,0,4.634994206,0,64.53,Q3,5.081404365,2,2
6073014500,68,0.359292,-117.0438659,32.7495164,437,54.227795,0.3137808,2.3126,2.4314,0.682,2.4841,8287.870034,4.04040404,0,0,4.04040404,0,36.27,Q2,4.234106505,2,2
6073014601,99,0.7514507,-117.0300534,32.7606911,492,70.28154,0.7009824,1.6365,2.0938,0.8341,3.1319,8931.727785,6.993006993,0,0,6.993006993,0,27.27,Q3,4.605170186,2,2
6073014602,53,0.663709,-117.0248015,32.7533455,116,48.614929,0.3559445,1.0727,1.5721,0.5838,1.3544,4469.197611,0,0,0,0,0,28.7,Q2,3.988984047,2,2
6073014700,54,0.4809001,-117.0421575,32.7618944,349,49.165024,0.8673184,1.631,2.1287,0.6532,1.8571,8576.157349,6.648199446,0,0,6.648199446,0,53.28,Q2,4.007333185,2,2
6073014803,79,1.0349576,-117.0229522,32.7788537,488,72.388062,0.2534805,1.9937,2.2129,0.5644,3.0173,6388.557005,5.788712012,0,0,5.788712012,0,62.53,Q3,4.382026635,2,2
6073014804,35,1.5107692,-117.031084,32.786443,439,47.414387,0.2699332,1.912,2.5175,0.6875,3.4,8132.063576,8.849557522,0,0,8.849557522,0,48.11,Q2,3.583518938,2,2
6073014805,0,1.1136364,-117.0386117,32.7765263,381,73.729202,0.4454912,1.7053,1.591,0.5113,3.5118,9110.203995,2.840909091,0,0,2.840909091,0,57.21,Q1,0,2,2
6073014806,0,0.6138393,-117.0352057,32.7713036,531,95.304619,0.874795,1.8459,2.0455,0.6881,3.5473,6107.044853,27.54820937,0,0,27.54820937,0,58.64,Q1,0,2,2
6073014901,0,0.8587786,-117.0103336,32.7619814,367,63.39854,0.1647701,1.5629,2.0114,0.5607,2.145,6970.353025,12.00480192,0,0,12.00480192,0,41.76,Q1,0,2,2
6073014902,0,0.5610465,-117.0117565,32.7707635,486,89.704956,0,1.001,1.8273,0.4813,2.6353,5859.547866,10.45296167,0,0,10.45296167,0,42.85,Q1,0,2,2
6073015000,68,0.701815,-117.0092136,32.784615,277,40.868721,0.2323309,1.5729,1.7497,0.7258,2.1843,5480.864417,4.504504505,0,0,4.504504505,0,53.41,Q2,4.234106505,2,2
6073015100,46,0.6470588,-116.9947059,32.7881451,361,43.635983,0.7409729,1.1509,1.9218,0.4265,1.8013,6362.663869,6.493506494,0,0,6.493506494,0,51.22,Q2,3.850147602,3,4
6073015200,13,1.1629139,-116.9893611,32.7692636,109,13.508636,0.830263,0.5439,2.2084,0.2259,1.1924,2339.683712,0,0,0,0,0,47.02,Q1,2.63905733,3,4
6073015301,99,0.2113924,-116.9579853,32.7840225,30,0,0.3858076,3.0996,1.7373,1.1072,2.3049,12658.76264,0,0,0,0,0,58.06,Q3,4.605170186,3,4
6073015302,54,1.5397301,-116.9699985,32.7743373,208,16.17178,0.9302812,1.4713,2.3426,0.4976,2.9478,3006.43542,2.450980392,0,0,2.450980392,0,20.99,Q2,4.007333185,3,4
6073015403,42,0.9502488,-116.9501576,32.7707044,53,9.7288675,0.582664,1.3665,2.2588,0.152,0.9219,2191.205743,0,0,0,0,0,70.42,Q2,3.761200116,3,4
6073015404,60,0.4824601,-116.9383632,32.78024,236,13.349069,0.3699814,3.0732,2.7499,0.8574,3.8718,5868.470254,12.55605381,0,0,12.55605381,0,50.46,Q2,4.110873864,3,4
6073015405,50,0.7346939,-116.9179144,32.7752264,124,22.272333,0.7154059,1.1382,2.1383,0.6378,2.1334,3374.451267,0,0,0,0,0,21.88,Q2,3.931825633,3,4
6073015406,26,0.8956229,-116.8984176,32.7723038,0,0,1,1.0469,2.0021,0.2368,1.0878,1105.453809,0,0,0,0,0,23.12,Q1,3.295836866,3,4
6073015501,66,1.0116959,-116.8631385,32.8179291,24,3.4712412,1,1.4452,2.0118,0.515,1.7203,419.7722014,4.250797024,0,0,4.250797024,0,36.37,Q2,4.204692619,3,4
6073015502,84,0.677673,-116.8356541,32.8013941,44,0.8005822,1,1.0268,1.4998,0.3621,1.4205,285.1955965,6.655574043,0,3.327787022,9.983361065,1,14.78,Q3,4.442651256,3,4
6073015601,64,0.4807692,-116.9264026,32.7921847,414,49.806301,0.1093069,2.7053,2.5001,0.9654,3.4435,10107.44611,9.020618557,0,0,9.020618557,0,41.1,Q2,4.17438727,3,4
6073015602,62,1.3618234,-116.9069289,32.794632,99,0,0.8644594,0.928,1.8126,0.1578,1.1594,1571.784513,14.96259352,0,0,14.96259352,0,30.94,Q2,4.143134726,3,4
6073015701,81,0.3166379,-116.9420918,32.7977009,493,69.09761,0,3.4767,2.7889,1.5193,4.3796,17431.22573,0,0,0,0,0,55.52,Q3,4.406719247,3,4
6073015703,97,0.5664336,-116.9491346,32.7912925,450,21.838919,0.4321669,3.6586,3.0509,1.2339,4.4511,27698.19421,0,1.085187195,2.17037439,3.255561584,0,43.83,Q3,4.584967479,3,4
6073015704,86,0.364467,-116.9381289,32.7909112,501,59.542744,0.0185607,2.9834,2.3193,1.1344,3.648,12905.01044,7.012622721,0,0,7.012622721,0,45.54,Q3,4.465908119,3,4
6073015801,101,0.5025381,-116.9593301,32.796887,521,100,0.8449752,3.4349,2.7412,1.3488,2.6454,16016.5731,0,0,1.507159005,1.507159005,0,49.75,Q3,4.624972813,3,4
6073015802,79,0.832246,-116.9599184,32.7912947,484,50.652687,1,3.3001,2.9539,1.1506,3.3774,13129.9433,3.745318352,0,0,3.745318352,0,63.45,Q3,4.382026635,3,4
6073015901,115,0.1108179,-116.9691572,32.7904464,30,10.521739,1,3.7626,2.6273,1.3719,4.4172,24908.35711,0,0,0,0,0,76.57,Q3,4.753590191,3,4
6073015902,78,0.2792969,-116.9696997,32.7840084,507,45.670498,0.8441424,2.8462,1.9716,1.111,2.4733,12190.12229,0,0,0,0,0,72.12,Q3,4.369447852,3,4
6073016000,107,0.6068841,-116.9804886,32.7886293,309,0,1,1.6066,1.9317,0.5597,1.5519,3491.377131,0,0,0,0,0,67.46,Q3,4.682131227,3,4
6073016100,56,0.9685205,-116.9898526,32.7999329,172,33.362129,0.5300388,1.6079,1.8766,0.4493,1.8967,5850.951628,13.34816463,0,0,13.34816463,0,61.53,Q2,4.043051268,3,4
6073016201,35,1.1893253,-116.9918628,32.8138271,35,18.500771,0.7471021,1.0777,2.0854,0.3477,1.476,3022.459991,1.736111111,0,0,1.736111111,0,61.46,Q2,3.583518938,2,2
6073016202,131,0.2212389,-116.9711319,32.8149714,433,73.209473,0.680852,2.1347,1.255,0.7457,2.4623,1186.224289,3.149606299,0,0,3.149606299,0,70.23,Q3,4.882801923,3,4
6073016301,119,0.2831412,-116.9564885,32.8030833,341,49.359627,0.0311086,3.1593,2.4999,1.0306,2.3888,12442.93575,1.503759398,0,1.503759398,3.007518797,0,44.8,Q3,4.787491743,3,4
6073016302,105,0.2401372,-116.9433532,32.8039448,470,52.094048,0.3887947,3.2329,2.4491,1.1256,3.4689,11361.42345,5.376344086,0,0,5.376344086,0,50.92,Q3,4.663439094,3,4
6073016401,47,0.7633088,-116.9270232,32.8141917,435,61.609287,0.3324736,2.0516,2.7106,0.405,2.6786,5793.759193,3.2599837,0,0,3.2599837,0,56.99,Q2,3.871201011,3,4
6073016402,103,0.5159138,-116.9101919,32.8091378,323,41.639828,0.1275976,2.6767,2.8564,0.8849,3.0321,3326.715219,2.042900919,0,0,2.042900919,0,51.05,Q3,4.644390899,3,4
6073016502,114,0.3247141,-116.9431653,32.8145361,502,62.631958,0.5380045,2.6667,2.6531,0.8381,2.9421,9113.743385,6.138107417,0,0,6.138107417,0,70.71,Q3,4.744932128,3,4
6073016503,0,0.4338896,-116.9554309,32.8220794,397,64.942528,1,2.3158,2.5236,0.6093,2.313,10888.16677,0,0,0,0,0,35.86,Q1,0,3,4
6073016504,0,0.244066,-116.9558727,32.8134188,503,63.921318,0.5988538,2.7889,2.307,0.9571,3.7604,12836.06763,1.168224299,0,0,1.168224299,0,46.39,Q1,0,3,4
6073016605,57,1.0702143,-117.0146944,32.8277308,113,15.397193,0.9988414,1.5364,2.3837,0.3525,1.9873,3164.751935,2.89017341,0,0,2.89017341,0,22.25,Q2,4.060443011,2,2
6073016606,48,0.4280156,-117.0126279,32.841342,194,30.489965,0.8012265,1.3075,1.7784,0.4873,1.6408,3723.139205,0,0,0,0,0,33.66,Q2,3.891820298,2,2
6073016607,46,0.8112745,-116.9613512,32.8524426,173,25.608799,0.5734504,1.0381,2.4481,0.1171,2.6435,3789.47218,8.305647841,0,0,8.305647841,0,27.1,Q2,3.850147602,3,4
6073016608,51,0.5336879,-116.9617915,32.8685871,0,0,0.7431629,1.0412,1.1113,0.095,0.9278,2793.446194,3.389830508,0,0,3.389830508,0,36.1,Q2,3.951243719,3,4
6073016609,63,0.3822695,-116.978192,32.8753135,0,0,0.9072264,1.4336,2.3209,0.239,1.7825,2801.219827,0,0,0,0,0,38.27,Q2,4.158883083,3,4
6073016610,61,0.314121,-116.9800224,32.8584892,359,29.642084,0.2664336,1.6819,1.9273,0.0962,1.639,7932.358455,3.649635036,0,0,3.649635036,0,34.21,Q2,4.127134385,3,4
6073016612,55,0.4326923,-116.9941684,32.8723023,80,0,1,0.6266,1.7724,0.3483,1.2031,2432.324537,2.60756193,0,0,2.60756193,0,39,Q2,4.025351691,3,4
6073016613,31,0.546988,-117.0043675,32.8456215,322,30.967741,0.9248222,1.2316,2.0108,0.144,1.1083,6712.619102,0,0,0,0,0,35.41,Q2,3.465735903,2,2
6073016614,69,0.256433,-116.9900899,32.8465152,358,13.164621,0.2746039,1.4008,1.7274,0.2539,0.9981,5264.987088,6.25,0,0,6.25,0,42.38,Q2,4.248495242,3,4
6073016615,56,0.4308131,-116.9795653,32.8477575,325,53.285389,0.3012357,1.5987,1.9869,0.5487,2.5016,4055.158142,13.53179973,0,0,13.53179973,0,40.44,Q2,4.043051268,3,4
6073016616,78,0.5141343,-116.9929396,32.8315369,253,36.587166,0.4547225,2.1812,2.5726,0.522,3.34,4531.861751,9.958506224,0,0,9.958506224,0,21.16,Q3,4.369447852,2,2
6073016617,66,0.9144737,-116.9721473,32.835197,248,23.339781,0.7847244,1.7121,2.9627,0.4893,2.6532,4746.501671,7.682458387,0,0,7.682458387,0,53.65,Q2,4.204692619,3,4
6073016701,78,0.4561825,-116.9489803,32.8358448,126,12.727902,1,1.9509,1.8065,0.3283,2.6691,4099.598518,1.517450683,0,0,1.517450683,0,32.41,Q3,4.369447852,3,4
6073016702,119,0.7470794,-116.9338156,32.8444269,380,40.45219,0.3013996,1.3251,2.0982,0.568,3.638,5207.190051,7.957559682,0,0,7.957559682,0,54.78,Q3,4.787491743,3,4
6073016802,67,1.6648746,-116.8418297,32.8701471,187,6.5975223,1,1.0218,2.3045,0.127,2.3555,666.7568503,2.971768202,0,0,2.971768202,0,29.41,Q2,4.219507705,6,8
6073016804,144,0.1866423,-116.9141796,32.8654251,334,36.903458,0.4186127,2.6163,2.761,0.6547,2.6108,4812.010124,10.69518717,0,0.891265597,11.58645276,0,61.05,Q3,4.976733742,3,4
6073016806,74,0.5206463,-116.92865,32.82831,369,49.301643,1,2.3798,2.096,0.5244,2.8701,7154.061545,11.14206128,0,0,11.14206128,0,47.74,Q2,4.317488114,3,4
6073016807,68,0.7912795,-116.9197122,32.8364013,515,2.957253,0.8585694,1.5366,2.1909,0.3366,2.5734,3461.206662,0,0,0,0,0,34.51,Q2,4.234106505,3,4
6073016809,64,0.4731259,-116.8941897,32.8295319,93,21.509296,0.6428713,1.351,1.8569,0.3704,2.3061,2234.737403,0,0,0,0,0,37.99,Q2,4.17438727,3,4
6073016810,67,0.66,-116.9106547,32.8479042,191,0,0.8960805,2.0662,1.7286,0.1337,1.7399,3339.850104,0,0,0,0,0,66.19,Q2,4.219507705,3,4
6073016811,41,0.9892473,-116.8973197,32.8465129,177,33.196159,1,1.3892,2.2538,0.3687,2.353,3036.420123,0,0,0,0,0,18.57,Q2,3.737669618,3,4
6073016901,47,0.5803137,-116.9470083,32.9015716,151,11.289622,0.980082,0.9127,2.8233,0.2657,1.9759,409.061594,2.042900919,0,0,2.042900919,0,52.1,Q2,3.871201011,6,8
6073016902,116,0.4891122,-116.8538493,32.9312875,15,0,0,1.7937,1.8239,0.3406,2.4947,59.81952186,0,0,0,0,1,52.85,Q3,4.762173935,6,8
6073017006,14,1.0310966,-117.0488065,33.0121262,463,5.8414464,0.8151552,0.4744,1.567,0.1914,1.41,2668.44093,6.944444444,0,0,6.944444444,0,8.27,Q1,2.708050201,6,8
6073017009,63,0.6217949,-117.0283696,32.9677095,170,30.641153,0.6633612,1.4977,2.2044,0.5198,2.4137,3122.485306,3.759398496,0,0,3.759398496,0,22.18,Q2,4.158883083,6,8
6073017010,25,0.3667513,-116.9909735,32.9600148,509,0.8248731,0,0.8743,1.4362,0.267,1.0448,492.284524,5.66572238,0,0,5.66572238,0,29.17,Q1,3.258096538,6,8
6073017014,0,0,-117.0682214,33.0159951,291,38.038078,0.4974317,1.1117,1.9928,0.2555,2.4889,3038.099889,0,#N/A,#N/A,#N/A,0,15.65,Q1,0,6,8
6073017015,19,0.9593095,-117.0696419,33.0328463,61,41.329678,0.7574573,0.556,1.8402,0.4511,1.3551,4394.382816,1.162115049,0,0,1.162115049,0,34.75,Q1,2.995732274,6,8
6073017018,61,0.5626243,-117.1018883,32.9615181,511,0,0.6197047,1.2638,1.8939,1.0435,2.7489,6073.024956,12.63157895,0,0,12.63157895,0,11.25,Q2,4.127134385,1,1
6073017019,22,3.7426901,-117.0511483,33.0414758,518,0.9518953,0.7422372,0.892,1.9515,0.2947,1.3877,2512.677259,0,0,0,0,0,6.74,Q1,3.135494216,6,8
6073017020,28,0.9010477,-117.010947,33.041943,1,15.863563,1,0.4563,2.1757,0.1893,0.6947,328.1545947,8.185538881,0,0,8.185538881,0,32.54,Q2,3.36729583,6,8
6073017021,16,1.014553,-116.9890364,33.0040421,329,4.8788166,0,0.7684,1.6134,0.2307,1.3617,223.4302875,4.081632653,0,0,4.081632653,0,6.03,Q1,2.833213344,6,8
6073017022,44,0.5641694,-117.1043719,32.9050522,140,25.65839,0.2418961,0.8428,1.8683,0.2782,0.7179,3222.443612,13.04631442,0,0,13.04631442,0,8.3,Q2,3.80666249,1,1
6073017029,20,0.6838546,-117.183626,32.9909105,462,22.214666,1,0.2975,1.7957,0.2013,0.3412,736.4687286,5.080440305,0,0,5.080440305,0,19.16,Q1,3.044522438,1,1
6073017030,24,0.3619888,-117.1226724,33.031018,517,10.519221,0.7510878,0.3325,1.6231,0.7509,1.6077,1460.429586,1.779042875,0,0,1.779042875,0,23.45,Q1,3.218875825,6,8
6073017031,40,0.3296089,-117.0847186,33.0281424,324,61.899818,0.6420964,0.7954,1.9435,0.5484,1.8692,10352.36175,3.079291763,0,0,3.079291763,0,14.26,Q2,3.713572067,6,8
6073017032,16,0.2464475,-117.1044271,33.008998,148,24.196278,0.7686216,0.3937,1.3336,0.8657,1.975,3514.948622,6.657789614,0,0,6.657789614,0,16.47,Q1,2.833213344,6,8
6073017033,31,0.5307263,-117.1150623,32.9800714,196,15.935237,0.5637985,0.4088,1.4562,0.9031,1.5965,1370.048175,7.299270073,0,0,7.299270073,0,18.76,Q2,3.465735903,6,8
6073017034,33,0.3723077,-117.0908369,32.9901496,1,0,0.8392207,0.9581,1.0149,0.4577,1.6582,4945.331284,3.350083752,0,0,3.350083752,0,29.53,Q2,3.526360525,6,8
6073017035,93,0.4801642,-117.0988796,32.9749586,326,6.9243841,0.1996655,2.7167,2.3288,1.1563,2.3862,3190.134795,4.90797546,0,0,4.90797546,0,40.27,Q3,4.543294782,6,8
6073017036,56,0.3445946,-117.1225603,32.9597794,474,51.587303,0.0096,0.9634,1.8301,0.6434,0.9784,9208.300386,2.096436059,0,0,2.096436059,0,34.08,Q2,4.043051268,1,1
6073017037,31,0.4868421,-117.1190243,32.9493661,50,0,0.6934061,1.1538,1.5933,0.7211,1.3275,4718.374652,4.39238653,0,0,4.39238653,0,32.82,Q2,3.465735903,1,1
6073017039,19,0.474416,-117.0877455,32.9526715,70,10.995521,1,0.5282,1.5923,0.6558,1.3866,3955.030821,2.118644068,0,0,2.118644068,0,31.66,Q1,2.995732274,1,1
6073017040,52,0.6305182,-117.0571307,32.9677362,297,26.197571,0.9773188,0.8562,1.8638,0.6757,2.267,4066.112623,8.503401361,0,0,8.503401361,0,31.14,Q2,3.970291914,6,8
6073017041,43,0.4169203,-117.0440195,32.9657965,203,40.035789,0.6513847,0.577,1.7733,0.4294,1.3051,5352.723658,10.31518625,0,0,10.31518625,0,18.14,Q2,3.784189634,6,8
6073017042,15,0.186936,-117.0854107,32.9403015,201,29.419241,0.9050273,0.3572,1.3109,0.6066,1.6403,3643.543304,4.817342433,0,0,4.817342433,0,19.13,Q1,2.772588722,1,1
6073017043,20,0.2078618,-117.1057659,32.9282044,39,16.314363,0.6387019,0.4125,0.9033,0.7514,1.2227,5123.740072,2.78551532,0,0,2.78551532,0,32.36,Q1,3.044522438,1,1
6073017044,16,0.2315011,-117.0805415,32.9270444,1,0,0.7372002,0.3609,1.5827,0.6592,0.4774,6083.86249,3.041054232,0,0,3.041054232,0,7.92,Q1,2.833213344,1,1
6073017045,12,0.3719434,-117.067832,32.9301327,387,14.982079,1,0.7446,1.4347,0.6285,0.0997,3594.162754,0,0,0,0,0,27.91,Q1,2.564949357,1,1
6073017046,30,0.7912736,-117.0954837,32.9193342,328,5.4921155,0.8434347,0.3376,1.6388,0.3938,1.2415,2992.010622,0,0,0,0,0,37.34,Q2,3.433987204,1,1
6073017047,17,0.5733855,-117.0766489,32.9144857,85,19.000248,1,0.6081,1.2982,0.2769,0.8745,4779.688821,10.05025126,0,0,10.05025126,0,11.23,Q1,2.890371758,1,1
6073017048,61,0.2607059,-117.0535531,32.9466011,343,53.993141,0.7409624,1.2276,1.7171,1.0662,3.0418,4896.711368,3.188097768,0,0,3.188097768,0,19.98,Q2,4.127134385,6,8
6073017049,48,0.3080709,-117.0301187,32.9423409,135,13.669065,0.8049172,1.8091,2.4404,0.7611,2.0022,738.0820376,8.879023307,0,0,8.879023307,0,32.39,Q2,3.891820298,6,8
6073017050,42,0.8630573,-117.0776875,32.9618675,88,12.67927,0.7663397,0.7283,1.5905,0.7788,2.5271,1568.051707,36.80981595,0,0,36.80981595,0,8.52,Q2,3.761200116,6,8
6073017051,0,1.3816254,-117.0665065,33.0037084,252,40.781212,0.4209607,0.4859,1.6945,0.6487,1.8597,5037.157428,2.026342452,0,0,2.026342452,0,18.87,Q1,0,6,8
6073017052,0,0.5789474,-117.0749912,33.0009657,1,3.1693077,0.9197409,0.8923,1.6993,0.5837,1.7724,5744.794792,11.5942029,0,0,11.5942029,0,15.75,Q1,0,6,8
6073017053,0,0.7292576,-117.0315378,33.0012075,263,3.2401903,1,0.4725,1.5029,0.1823,1.6681,1605.529594,2.518891688,0,0,2.518891688,0,27.16,Q1,0,6,8
6073017054,0,1.0631579,-117.045904,32.9895326,332,2.908778,0.6509734,0.8861,2.1626,0.4202,3.35,2318.524637,4.590665647,0,0,4.590665647,0,19.3,Q1,0,6,8
6073017055,0,0.3291405,-117.072852,32.9794748,137,45.431332,0.2935243,0.3602,1.165,0.6068,0.6001,6601.090555,5.398110661,0,0,5.398110661,0,21.49,Q1,0,6,8
6073017056,0,0.3159449,-117.0829654,32.9799345,375,41.674709,0.3844021,0.6369,1.1949,0.6079,2.1699,3848.831554,0,0,0,0,0,20.8,Q1,0,6,8
6073017104,19,0.6413709,-117.2397938,33.0487896,265,0,0.8682971,1.0325,1.5645,0.5468,1.4515,4642.82001,14.23487544,0,0,14.23487544,0,7.22,Q1,2.995732274,4,5
6073017106,21,1.1088747,-117.2118813,33.0198637,259,4.3836718,0.8789163,0.9436,2.0816,0.2124,0.825,413.8178523,5.106382979,0,0,5.106382979,0,4.06,Q1,3.091042453,4,5
6073017107,19,0.4986301,-117.251696,33.0624939,1,1.9505398,0.8092661,0.7085,1.0808,0.2483,0.1914,3787.933925,2.886002886,0,0,2.886002886,0,7.85,Q1,2.995732274,4,5
6073017108,15,0.6713165,-117.2532768,33.0526994,207,27.179047,0.5939651,0.5491,1.5469,0.4023,0.3701,5888.225568,1.699235344,0,0,1.699235344,0,19.86,Q1,2.772588722,4,5
6073017109,0,0.2796562,-117.233336,33.077855,46,6.5413532,0.6484768,1.5732,1.503,0.1824,0.5481,4050.629115,0,0,0,0,0,27.36,Q1,0,4,5
6073017110,0,0.3136176,-117.1842996,33.0651162,105,7.9834304,0,0.9808,1.9818,0.3558,1.9222,632.0173632,0.537923615,0,0,0.537923615,0,10.12,Q1,0,4,5
6073017200,24,2.1458774,-117.2641232,32.9625651,153,64.737099,0.3999506,0.1463,1.3893,0.0346,1.4317,2521.605049,0,0,0,0,0,9.59,Q1,3.218875825,1,1
6073017303,24,0.6916803,-117.2636285,33.0018126,174,37.210072,0.4276462,0.4874,1.1751,0.4061,1.2343,2824.497575,3.401360544,0,0,3.401360544,0,12.58,Q1,3.218875825,1,1
6073017304,57,1.5301669,-117.2633676,32.9903701,304,86.855484,0.570228,1.5631,1.3914,0.9052,1.978,5915.805946,11.45038168,0,0,11.45038168,0,13.95,Q2,4.060443011,1,1
6073017305,15,1.5977654,-117.2420769,33.0027873,10,27.382957,0.6386427,0.4307,1.7848,0.2621,1.309,1784.100963,0,0,0,0,0,2.3,Q1,2.772588722,1,1
6073017306,10,1.6532258,-117.2402519,32.989035,33,36.799149,0.5130725,0.1945,1.4894,0.196,1.4918,1495.270793,15.18026565,0,0,15.18026565,0,0.72,Q1,2.397895273,1,1
6073017401,40,0.7151515,-117.2792618,33.0216822,278,43.473389,0.2522557,0.587,0.9661,0.0616,1.1976,5079.890832,1.958863859,0,0,1.958863859,0,21.03,Q2,3.713572067,4,5
6073017403,30,1.3371369,-117.2529532,33.0362413,95,21.353109,0.6481138,1.4517,2.1649,0.4458,1.2525,3209.603877,9.842519685,0,0,9.842519685,0,6.11,Q2,3.433987204,4,5
6073017404,26,0.8596386,-117.2649644,33.0221644,167,14.484064,0.8573964,1.0876,1.9663,0.4984,2.4087,3745.606571,6.853226728,0,0,6.853226728,0,17.5,Q1,3.295836866,4,5
6073017501,30,1.1749347,-117.2920275,33.0402437,440,81.545685,0.1922432,0.41,0.8334,0.3693,1.5944,4836.142193,0,0,9.049773756,9.049773756,0,5,Q2,3.433987204,4,5
6073017502,37,0.626683,-117.2770112,33.0422361,192,30.04669,0.3962808,1.756,1.4887,1.0693,2.5078,4891.563378,27.70780856,0,0,27.70780856,0,29.36,Q2,3.63758616,4,5
6073017601,19,2.4092971,-117.2787053,33.0812238,59,21.291237,0.9236668,0.8145,2.0419,0.4038,2.5138,1772.081238,2.433090024,0,0,2.433090024,0,4.11,Q1,2.995732274,4,5
6073017603,40,0.9602649,-117.2904158,33.0576984,32,4.2003231,0.8590274,0.7757,1.1256,0.2915,0.7031,3699.93528,10.95890411,0,0,10.95890411,0,13.52,Q2,3.713572067,4,5
6073017604,34,0.6990122,-117.2731463,33.0553213,149,27.34375,0.4675535,1.2056,2.0561,0.5261,3.1879,3585.06909,7.228915663,0,0,7.228915663,0,7.19,Q2,3.555348061,4,5
6073017701,45,0.4600372,-117.3060959,33.0772389,427,75.56398,1,1.3746,0.9515,0.4813,1.8628,6333.803204,2.252252252,0,0,2.252252252,0,22.08,Q2,3.828641396,4,5
6073017702,28,0.8222222,-117.2996671,33.0572295,487,96.002884,0.957584,1.4576,1.128,0.0737,1.3127,6514.03837,6.896551724,0,0,6.896551724,0,15.78,Q2,3.36729583,4,5
6073017801,43,1.2975392,-117.3441023,33.1753118,144,25.172045,0.6294713,0.9769,1.1364,0.5918,1.3047,3858.874503,11.31221719,0,2.262443439,13.57466063,0,10.52,Q2,3.784189634,4,5
6073017808,20,1.2698676,-117.2875241,33.0980696,516,12.1841,0.5832795,1.1017,1.4746,0.3268,0.6981,2994.308148,2.044989775,0,0,2.044989775,0,11.41,Q1,3.044522438,4,5
6073017809,48,0.8301075,-117.3266984,33.1575405,118,21.064108,0.5924891,2.1535,1.8596,0.1623,1.0608,3821.419004,12.98701299,0,0,12.98701299,0,35.59,Q2,3.891820298,4,5
6073017810,37,1.1117512,-117.3205365,33.1483685,76,12.484824,0.6630783,0.6381,1.9705,0.2054,1.8447,3701.612377,2.328288708,0,0,2.328288708,0,10.74,Q2,3.63758616,4,5
6073017811,20,0.616307,-117.3081307,33.1143888,152,5.1455545,0.98059,0.647,1.3009,0.2151,0.9704,5807.059758,7.371007371,0,0,7.371007371,0,10.3,Q1,3.044522438,4,5
6073017813,0,1.1851852,-117.3269889,33.1220083,49,47.418411,0.5781403,0.5262,2.0846,0.2218,2.0746,2393.614155,1.883239171,0,0,1.883239171,0,11.55,Q1,0,4,5
6073017900,35,0.8176752,-117.3445439,33.1595744,399,55.231388,0.1577736,2.3685,2.4254,0.9399,3.6823,8349.080333,12.97648013,0,1.622060016,14.59854015,0,18.57,Q2,3.583518938,4,5
6073018000,57,1.8913649,-117.3499851,33.1547915,432,69.496094,0.5422087,0.6715,1.4495,0.2098,2.5126,6555.278168,0,0,0,0,0,19.14,Q2,4.060443011,4,5
6073018100,54,0.6140613,-117.3611032,33.1771015,417,61.053188,0.3139218,1.9383,1.7644,0.4045,3.1319,6282.911918,3.220611916,0,3.220611916,6.441223833,0,45.19,Q2,4.007333185,4,5
6073018200,122,0.2927951,-117.3702384,33.1896924,311,39.652401,0.22402,2.2497,2.1303,1.2585,3.8443,12962.9938,7.543611504,0,0.942951438,8.486562942,0,52.25,Q3,4.812184355,4,5
6073018300,158,0.9579288,-117.3896198,33.201527,479,94.829178,0.7256047,1.5153,1.4131,0.3616,2.4828,5175.823522,0,0,0,0,0,38.78,Q3,5.068904202,4,5
6073018400,114,0.978456,-117.3796249,33.1990594,30,89.20359,0,1.9714,2.1939,1.0489,3.8451,6284.622205,17.57469244,0,3.514938489,21.08963093,0,46.93,Q3,4.744932128,4,5
6073018504,53,1.028181,-117.3390811,33.1869954,209,30.417734,0.2294867,1.6904,1.4887,0.7433,1.8499,3040.176042,11.06719368,1.581027668,0,12.64822134,0,47.43,Q2,3.988984047,4,5
6073018507,43,0.4849624,-117.3191571,33.2385023,362,26.49225,0.5222614,2.0598,2.4767,1.1624,2.3043,5536.859887,5.415860735,0,0.773694391,6.189555126,0,32.7,Q2,3.784189634,4,5
6073018509,111,0.3287338,-117.3606844,33.1995448,366,80.052338,0.0399464,2.9453,1.735,1.4296,3.0265,6554.147703,19.18158568,0,0,19.18158568,0,54.84,Q3,4.718498871,4,5
6073018510,79,0.4819427,-117.3364699,33.2158066,308,64,0.910148,2.6957,1.8607,1.0097,2.5732,4151.382092,0,0,5.154639175,5.154639175,0,20.62,Q3,4.382026635,4,5
6073018511,69,0.4782178,-117.343109,33.204411,166,17.909254,0.243849,2.0641,1.5441,1.0714,2.3842,6649.178474,19.16167665,0,0,19.16167665,0,32.92,Q2,4.248495242,4,5
6073018512,91,6.2745763,-117.3272179,33.2187427,115,34.765968,0.31952,1.8208,2.1751,1.0219,1.3844,3822.944372,74.68879668,0,0,74.68879668,0,28.19,Q3,4.521788577,4,5
6073018513,44,0.4204545,-117.3079977,33.2136656,389,7.3890543,0.6476757,1.1704,2.2264,0.472,1.1344,2510.067093,11.59161837,0,0,11.59161837,0,27.81,Q2,3.80666249,4,5
6073018514,45,0.5847176,-117.2924241,33.2318552,55,16.836542,0.3251198,1.5096,1.615,0.6528,2.401,5195.005137,2.341920375,0,0,2.341920375,0,31.46,Q2,3.828641396,4,5
6073018515,65,1.3815104,-117.3197917,33.1916919,16,2.0694258,0.9642043,0.6482,1.3901,0.3319,0.6945,3016.169786,5.121638924,0,0,5.121638924,0,42.71,Q2,4.189654742,4,5
6073018516,62,0.4004107,-117.2981757,33.2001356,260,1.002004,0.4038993,2.2712,1.5929,0.9397,2.6082,4600.463258,2.132196162,0,0,2.132196162,0,41.86,Q2,4.143134726,4,5
6073018517,78,0.9811986,-117.3027415,33.1879915,57,0.1211534,0.4360349,2.2713,1.7998,1.0048,2.0331,6365.107757,2.103049422,0,0,2.103049422,0,56.01,Q3,4.369447852,4,5
6073018518,55,0.2461171,-117.2916541,33.1897718,294,5.1968503,0.1628445,2.3759,1.4746,1.3742,2.5219,8252.315772,0,0,2.398081535,2.398081535,0,24.88,Q2,4.025351691,4,5
6073018519,84,0.3601815,-117.2838101,33.1943943,247,25.275845,0.4723119,2.497,2.5875,1.3653,3.5775,9853.632569,4.429678848,0,0,4.429678848,0,36.35,Q3,4.442651256,4,5
6073018601,55,0.4163331,-117.355054,33.229909,330,5.6706424,0.8905863,1.4939,1.5566,0.8617,1.8025,2980.707922,1.672240803,0,0,1.672240803,0,51.48,Q2,4.025351691,4,5
6073018603,92,0.2151102,-117.3586267,33.2115108,364,41.762115,0.1397315,2.6452,2.5616,1.408,3.5816,3639.281393,7.782101167,0,1.297016861,9.079118029,0,34.3,Q3,4.532599493,4,5
6073018608,81,0.7686883,-117.3237639,33.2523944,51,20.283464,1,1.6117,2.3725,0.7106,1.818,2230.450382,2.344665885,0,0,2.344665885,0,20.87,Q3,4.406719247,4,5
6073018609,89,0.3108019,-117.3150563,33.2501756,464,11.413664,1,2.3675,1.935,1.3727,2.7874,11913.29436,2.534854246,0,0,2.534854246,0,29.16,Q3,4.49980967,4,5
6073018610,74,0.3121169,-117.3032478,33.2591005,145,18.781925,0.9507997,2.8426,1.8044,1.3137,1.9775,8292.806465,1.724137931,0,0,1.724137931,0,37.75,Q2,4.317488114,4,5
6073018611,49,0.3823884,-117.2644348,33.2819773,103,2.8688524,0.9998541,1.5186,2.3222,0.907,2.158,785.5657998,3.900536324,0,0,3.900536324,0,36.61,Q2,3.912023005,4,5
6073018612,92,0.3447637,-117.2609565,33.2550012,512,0,0.3722382,1.5539,1.6612,0.8347,1.4956,1637.606412,0,0,0,0,0,23.16,Q3,4.532599493,4,5
6073018613,0,0.3216783,-117.3334798,33.237618,222,34.167385,0.9360759,1.6835,1.3943,1.0668,1.2952,6657.76351,0,0,0,0,0,43.54,Q1,0,4,5
6073018614,0,1.2057541,-117.3318904,33.2306185,233,56.529102,0.2575975,2.0965,2.9161,1.052,2.2481,9950.97514,5.502063274,0,0,5.502063274,0,39.67,Q1,0,4,5
6073018700,46,0.0031271,-117.4205567,33.3510594,1,0,0,2.117,1.4518,0.3318,1.8316,184.0786622,1.360279829,0,0,1.360279829,0,15.1,Q2,3.850147602,4,5
6073018801,56,1.7637271,-117.2348433,33.3418007,0,0.8577753,1,1.3771,2.4066,0.2593,0.9373,810.7274785,8.450704225,0,0,8.450704225,0,19.45,Q2,4.043051268,4,5
6073018802,41,2.4937918,-117.1998988,33.3337164,184,4.9864564,1,1.2583,2.101,0.159,1.3684,544.7479175,0,0,0,0,0,25.41,Q2,3.737669618,4,5
6073018803,45,1.6296296,-117.1904461,33.2857623,1,0,0,1.0741,1.7706,0.5572,2.2879,244.5167066,2.635046113,0,0,2.635046113,0,39.49,Q2,3.828641396,4,5
6073018903,67,0.6535686,-117.2419463,33.3971392,250,24.213125,1,2.5634,2.4963,1.0563,2.9454,1704.645513,1.785714286,0,0,1.785714286,0,35.49,Q2,4.219507705,4,5
6073018904,87,0.4115385,-117.2415252,33.381264,94,15.088653,0.6055692,2.5856,2.9113,1.2228,3.03,5758.743695,11.30524152,1.027749229,0,12.33299075,0,39.62,Q3,4.477336814,4,5
6073018905,79,0.3160544,-117.2431854,33.3720233,345,37.087952,0.1455939,2.9857,1.9122,1.3194,2.9481,6054.766178,6.11995104,0,0,6.11995104,0,31.01,Q3,4.382026635,4,5
6073018906,65,0.3721919,-117.2433431,33.3601098,226,36.217472,0.434164,2.2292,2.206,1.1922,3.3745,3626.887394,4.112405757,0,0,4.112405757,0,34.26,Q2,4.189654742,4,5
6073019001,40,1.8611111,-117.3143417,33.4430775,2,0.1849983,1,1.1773,1.9888,0.6563,2.1645,111.4994342,3.787878788,0,0,3.787878788,0,29.11,Q2,3.713572067,4,5
6073019002,70,1.1111111,-117.1450804,33.3908759,391,4.945992,0,2.2951,1.9182,0.8071,2.7047,100.0421848,9.708737864,0,0,9.708737864,0,48.36,Q2,4.262679877,4,5
6073019101,83,0.2497209,-117.0114926,33.3358648,102,1.595602,0.3105817,2.1773,2.0032,0.8493,2.5246,63.05858888,0.984251969,0,0.984251969,1.968503937,1,9,Q3,4.430816799,4,5
6073019103,55,1.0187266,-117.0811098,33.2721347,188,10.921073,0.0636667,1.3878,1.9912,0.527,1.8641,236.5342639,0,0,0,0,0,5.64,Q2,4.025351691,4,5
6073019105,45,1.4617414,-117.0966729,33.2304835,390,11.342188,0,1.1164,1.7999,0.5591,2.3978,375.3326034,0,0,0,0,0,37.13,Q2,3.828641396,4,5
6073019106,56,0.4836709,-116.9903688,33.2533185,20,2.9788632,0.1655003,1.7412,2.1283,0.6722,2.3104,292.5113336,7.168458781,0,0.896057348,8.064516129,1,30.41,Q2,4.043051268,4,5
6073019107,94,0.7418699,-116.9122434,33.2118604,0,0,0.0001617,2.1638,2.5046,0.6299,1.5688,47.05306796,0,0,0,0,1,27.79,Q3,4.553876892,6,8
6073019203,76,0.983871,-117.2360535,33.237727,422,7.9553385,1,1.2652,1.753,0.5106,2.1843,1779.773253,0,0,0,0,0,28.86,Q3,4.343805422,4,5
6073019205,67,0.5282469,-117.2353782,33.2241242,157,32.662663,0.4055475,2.0291,2.2446,1.4263,3.6527,8683.05538,11.72638436,0,0,11.72638436,0,43.2,Q2,4.219507705,4,5
6073019206,65,0.261165,-117.2372592,33.215823,406,66.726044,0.0109152,2.6271,1.8671,1.5439,3.6168,10276.2984,0,0,0,0,0,45.63,Q2,4.189654742,4,5
6073019207,74,0.8443709,-117.2039111,33.2338179,132,20.81749,0.3650508,2.1635,1.9877,1.2552,3.1046,891.544109,6.864988558,0,0,6.864988558,0,42.73,Q2,4.317488114,4,5
6073019208,30,1.2255319,-117.1650168,33.2134255,1,0,1,1.1777,1.9459,0.4802,2.2471,286.1431767,0,0,0,0,0,38.28,Q2,3.433987204,4,5
6073019301,28,0.5431937,-117.2750748,33.229935,0,0,1,0.9841,1.43,0.3704,1.0435,5036.865143,1.286173633,0,0,1.286173633,0,17.16,Q2,3.36729583,4,5
6073019302,51,0.8724638,-117.2762264,33.2179749,56,15.563725,0.7014968,1.5468,2.0618,0.625,1.6309,7573.070824,5.882352941,0,0,5.882352941,0,32.49,Q2,3.951243719,4,5
6073019303,55,0.5451613,-117.2567952,33.2415689,424,21.642704,0.7415258,2.2727,1.7233,0.9785,2.7761,2370.615798,3.750586029,0,0,3.750586029,0,13.94,Q2,4.025351691,4,5
6073019403,41,0.4021909,-117.2669427,33.2107453,244,12.597527,0.6443774,1.8108,1.4653,1.3058,2.0736,4826.95522,11.28349788,0,0,11.28349788,0,20.72,Q2,3.737669618,4,5
6073019404,131,0.2955832,-117.251038,33.21679,368,18.850401,0.1244772,2.2603,1.6855,1.528,2.8997,7847.777772,2.331002331,0,0,2.331002331,0,49.84,Q3,4.882801923,4,5
6073019405,80,0.172888,-117.2759939,33.1965648,216,52.366371,0.1402707,2.2004,1.8631,1.1716,2.2518,9000.742212,7.960199005,0,0,7.960199005,0,43.42,Q3,4.394449155,4,5
6073019406,71,0.6678201,-117.2642216,33.1994118,19,9.5937767,0.7364756,2.2652,1.9094,0.9422,3.1936,6910.242121,3.703703704,0,0,3.703703704,0,39.26,Q2,4.276666119,4,5
6073019501,57,0.1040763,-117.2495976,33.2084741,298,17.12081,0.0063635,2.8671,1.9698,1.8197,3.7369,11391.08435,5.267778753,0,0,5.267778753,0,59.79,Q2,4.060443011,4,5
6073019502,93,0.083208,-117.2406651,33.207787,412,89.361328,0,2.7543,1.7762,1.7828,2.1957,19174.93126,1.053185887,0,0,1.053185887,0,44.6,Q3,4.543294782,4,5
6073019503,63,0.1701948,-117.2443918,33.1996277,530,68.925964,0.0377131,2.4714,1.7267,1.4314,3.1997,7167.177668,15.23229246,0,0,15.23229246,0,48.95,Q2,4.158883083,4,5
6073019601,75,0.4108338,-117.2241894,33.2069221,423,25.162931,0.3460123,2.1111,1.9485,0.619,2.1874,4320.434089,13.23251418,0,1.890359168,15.12287335,0,47.62,Q2,4.33073334,4,5
6073019602,63,0.583993,-117.2174758,33.195293,296,40.483162,0.3744364,2.1576,2.0118,1.096,3.496,3059.748851,1.665278934,0,0,1.665278934,0,23.31,Q2,4.158883083,4,5
6073019701,52,0.7712477,-117.2637886,33.186867,163,23.463966,0.4219867,2.2268,1.8878,0.9934,3.1322,5343.297798,0,0,0,0,0,41.34,Q2,3.970291914,4,5
6073019702,68,0.7665615,-117.2418366,33.1869616,114,18.224205,0.482845,1.5549,1.573,0.8681,1.2749,3273.505594,0,0,0,0,0,39.55,Q2,4.234106505,4,5
6073019803,57,0.4950495,-117.3081967,33.175329,182,17.222845,0.5189802,0.8682,1.8488,0.5325,2.6061,3091.997255,12.18450827,0,0,12.18450827,0,18.94,Q2,4.060443011,4,5
6073019804,33,0.8309232,-117.3117343,33.163745,0,0,0.9985421,1.1442,1.8456,0.1171,0.5671,4796.936986,0,0,0,0,0,14.34,Q2,3.526360525,4,5
6073019805,77,0.8879668,-117.286498,33.1803561,71,30.799894,0.771982,2.5309,2.6844,0.8233,3.8155,7667.430929,5.83090379,0,0,5.83090379,0,32.63,Q3,4.356708827,4,5
6073019806,34,0.5766635,-117.2771634,33.1585,331,19.548399,0.6591957,1.396,1.8127,0.4154,2.076,1590.457454,3.408316292,0,0,3.408316292,0,15.57,Q2,3.555348061,4,5
6073019808,0,5.2928571,-117.2628851,33.1620932,90,0,0.1378084,0.9199,2.0364,0.2657,0.8723,5556.990042,0,0,0,0,0,20.78,Q1,0,4,5
6073019809,0,1.8539326,-117.2666754,33.1752541,100,0,0.6772985,1.1751,1.7748,0.2409,1.9142,3583.44933,16.89189189,0,0,16.89189189,0,9.06,Q1,0,4,5
6073019902,91,0.4501062,-117.2166255,33.1732234,301,21.554684,0.9829687,1.9097,1.5357,0.9025,2.2189,3926.270358,2.503128911,0,0,2.503128911,0,27.36,Q3,4.521788577,4,5
6073019903,68,0.6777778,-117.1972424,33.1781581,206,4.5527339,1,1.6663,1.7187,0.8247,2.9523,1420.603363,0,0,0,0,0,22,Q2,4.234106505,4,5
6073019904,85,0.8366465,-117.2369006,33.1719277,255,43.744263,0.5982185,1.2012,1.6677,0.3507,2.7346,4058.821569,18.53568119,0,0,18.53568119,0,37.46,Q3,4.454347296,4,5
6073019905,33,0.8953975,-117.2317331,33.1575866,165,24.224625,0.5904278,1.3935,1.638,0.6304,2.4158,3157.524994,20.13422819,0,0,20.13422819,0,36.62,Q2,3.526360525,4,5
6073020013,24,0.3915167,-117.2488951,33.1173821,34,8.1135254,0.7090877,0.9308,2.0078,0.4703,1.2945,3427.696014,2.518891688,0,0,2.518891688,0,15.34,Q1,3.218875825,4,5
6073020014,30,0.7718292,-117.2469015,33.0991711,117,5.2954612,0.968332,0.9825,1.3871,0.2325,0.8197,3231.140461,0,0,0,0,0,13.94,Q2,3.433987204,4,5
6073020015,44,0.9270298,-117.2387904,33.0914037,234,3.696954,0.9868813,1.2952,2.0024,0.2448,1.6431,3546.772265,0,0,0,0,0,15.65,Q2,3.80666249,4,5
6073020016,15,0.491359,-117.2527759,33.0779769,510,6.0768733,0.5982802,1.0263,1.5951,0.182,0.7911,5128.096607,1.604492579,0,0,1.604492579,0,17.98,Q1,2.772588722,4,5
6073020017,83,0.5071895,-117.222755,33.1484964,200,24.680073,0.4931197,2.7423,1.6155,1.0373,3.3464,1834.90317,4.790419162,0,0,4.790419162,0,14.04,Q3,4.430816799,4,5
6073020018,55,0.2142316,-117.2062594,33.1499789,310,48.923195,0.1991224,2.4699,1.8028,1.5797,2.6628,7753.881969,1.601922307,0,0,1.601922307,0,29.12,Q2,4.025351691,4,5
6073020019,41,1.9878155,-117.2174731,33.1321296,217,33.401638,0.4895502,2.2672,2.1393,0.8912,2.402,5567.723761,0,0,0,0,0,11.01,Q2,3.737669618,4,5
6073020020,31,0.230467,-117.1744455,33.1663173,18,3.263341,0.8398339,1.7455,1.4585,1.0286,1.3862,2436.189473,0,0,0,0,0,23.35,Q2,3.465735903,4,5
6073020021,44,0.2107675,-117.1773755,33.1511693,257,36.182468,0.6372815,2.5122,1.2816,1.5474,2.3533,5757.235628,8.993816751,0,0,8.993816751,0,40.83,Q2,3.80666249,4,5
6073020022,42,0.4241793,-117.1529162,33.1623466,1,4.5650997,0.6251627,1.8228,1.4961,0.8579,1.4182,3901.107919,2.229654404,0,0,2.229654404,0,30.75,Q2,3.761200116,4,5
6073020023,58,0.5938529,-117.146847,33.1460671,108,26.592236,0.8222383,2.0413,1.836,0.825,1.7371,3245.459735,6.711409396,0,2.237136465,8.948545861,0,15.54,Q2,4.077537444,4,5
6073020024,53,1.3628571,-117.124725,33.1471367,78,0,0.9138955,1.6693,1.6021,0.8968,2.6937,6332.046915,0,0,0,0,0,26.66,Q2,3.988984047,4,5
6073020025,47,0.4748032,-117.1298502,33.1395167,288,46.562904,0.2130949,1.9641,1.8132,0.6056,2.4396,6404.964061,12.39669421,0,0,12.39669421,0,17.7,Q2,3.871201011,4,5
6073020026,0,1.116144,-117.1882353,33.1292602,383,27.317192,0.6090219,1.0017,1.8921,0.5859,1.9066,2906.250969,7.692307692,0,0,7.692307692,0,8.37,Q1,0,4,5
6073020027,0,0.385514,-117.1809654,33.1159777,461,11.877058,0.7139802,1.0227,2.1261,0.6363,1.3125,2396.040547,3.755868545,0,0,3.755868545,0,11.46,Q1,0,4,5
6073020028,0,0.0735849,-117.1700975,33.1418052,30,100,0.700034,2.9712,1.8992,1.8104,1.8306,21179.29512,6.425702811,0,0,6.425702811,0,31.92,Q1,0,4,5
6073020029,0,0.6835067,-117.189465,33.1392223,494,7.5949368,0.599487,2.5677,2.4659,1.4458,4.2394,2358.435927,11.14206128,0,0,11.14206128,0,10.26,Q1,0,4,5
6073020103,43,0.6959064,-117.05572,33.1878229,261,4.2305813,0,1.6705,1.6122,0.7151,1.9351,468.1159736,2.364066194,0,0,2.364066194,1,22.46,Q2,3.784189634,4,5
6073020105,63,0.617801,-117.0971848,33.1596959,225,0.1841621,0.8298395,1.9411,2.6585,0.8805,2.9228,4141.440317,13.10861423,0,0,13.10861423,0,28.16,Q2,4.158883083,4,5
6073020106,46,0.660826,-117.0867344,33.1501424,77,2.5506179,0.9449616,1.6719,2.5938,1.093,2.5216,5534.0101,3.600360036,0,0,3.600360036,0,31.67,Q2,3.850147602,4,5
6073020107,43,0.4465726,-117.0765852,33.1535702,14,0,1,1.8833,1.2881,1.0414,2.4223,4702.331091,3.898635478,0,0,3.898635478,0,27.2,Q2,3.784189634,4,5
6073020108,95,0.2902857,-117.0867921,33.137136,481,44.968174,0.8020633,2.7142,2.2974,1.6613,3.2385,15990.84986,3.309431881,0,0,3.309431881,0,45.86,Q3,4.564348191,4,5
6073020109,64,0.322199,-117.069255,33.1446753,199,0,0.9949651,2.1437,1.9357,1.3447,2.8331,9389.644369,1.306335728,0,0,1.306335728,0,24.68,Q2,4.17438727,4,5
6073020202,112,0.191358,-117.0724073,33.131406,344,31.678875,0.2562966,3.3025,2.0466,1.7576,3.879,13962.10084,8.806262231,0,1.956947162,10.76320939,0,29.31,Q3,4.727387819,4,5
6073020206,78,0.2563798,-117.0593149,33.1414533,281,49.798737,0.2324859,3.2103,1.9438,1.5729,3.2332,17093.28848,9.702850212,0,0,9.702850212,0,39.88,Q3,4.369447852,4,5
6073020207,85,0.085622,-117.0539783,33.1334707,347,51.899265,0.0929613,2.7501,2.2793,1.4847,3.8289,15288.27905,4.527447651,0,0,4.527447651,0,45.44,Q3,4.454347296,4,5
6073020208,79,0.381877,-117.0530788,33.1461143,0,48.180729,0.5742933,3.0099,2.1133,1.4021,2.1559,10513.93456,9.463722397,0,0,9.463722397,0,40.49,Q3,4.382026635,4,5
6073020209,103,0.503744,-117.0476028,33.138326,446,15.227465,0,2.9606,2.9102,1.381,3.2129,15330.35724,8.823529412,0,0,8.823529412,0,38.29,Q3,4.644390899,4,5
6073020210,54,0.3042847,-117.0410689,33.1455819,178,0,0.0390494,2.3856,1.6736,1.326,2.8502,14055.79512,0,0,0,0,0,40.18,Q2,4.007333185,4,5
6073020211,104,0.3316583,-117.0640169,33.1335333,426,39.495674,0.0834572,2.5908,2.1317,1.3733,3.7942,11880.49712,1.919385797,0,0,1.919385797,0,35.17,Q3,4.65396035,4,5
6073020213,0,0.1485884,-117.0781738,33.1313346,411,22.56703,0.2519676,3.2804,2.1758,1.6903,3.2396,30608.88582,2.699055331,1.349527665,0,4.048582996,0,30.71,Q1,0,4,5
6073020214,0,0.2423756,-117.0844242,33.1270112,30,63.717674,0.0647181,3.3386,2.3732,1.5965,4.3173,7826.978959,8.908685969,0,2.227171492,11.13585746,0,18.99,Q1,0,4,5
6073020304,49,0.9946195,-117.1308356,33.1749098,101,0,1,1.2436,1.7973,0.1547,1.6958,1087.4372,0,0,0,0,0,19.55,Q2,3.912023005,4,5
6073020305,57,0.8975265,-117.1089828,33.1505524,219,25.701872,0.6846422,1.7964,2.4076,0.8213,2.9162,4786.951095,5.427408412,0,0,5.427408412,0,29.17,Q2,4.060443011,4,5
6073020306,34,0.8300857,-117.1487018,33.1112121,13,13.802623,0.7350065,1.8282,1.5489,0.4329,3.1257,1137.275094,4.769475358,0,0,4.769475358,0,25.01,Q2,3.555348061,4,5
6073020307,90,0.6664504,-117.1270331,33.0939803,158,15.313807,0.5275039,2.3504,2.3137,0.6128,3.2052,914.4706242,1.295336788,0,0,1.295336788,0,15.74,Q3,4.510859507,4,5
6073020308,0,1.1368932,-117.0980269,33.1374325,204,24.56904,0.456169,2.6756,2.2156,1.2019,3.9468,11826.37508,0,0,0,0,0,44.37,Q1,0,4,5
6073020309,0,0.3098075,-117.1090217,33.1355986,224,23.498098,0.6905409,2.1303,1.7818,1.0759,2.5441,3906.333818,3.549245785,0,0,3.549245785,0,24.88,Q1,0,4,5
6073020401,32,1.4457831,-117.0934081,33.0672688,1,2.9548333,1,1.1057,1.3947,0.1335,0.8427,713.1417146,0,0,0,0,0,21.21,Q2,3.496507561,4,5
6073020403,53,0.6295369,-117.0804409,33.097045,251,34.696857,0.3212614,1.889,1.3718,0.8457,2.3331,3815.843879,22.22222222,0,0,22.22222222,0,43.91,Q2,3.988984047,4,5
6073020404,48,0.7482993,-117.1011559,33.0970653,295,41.913216,0.5159261,1.4478,1.7147,0.6617,2.9006,3392.851846,0,0,0,0,0,13.63,Q2,3.891820298,4,5
6073020405,21,1.6379648,-117.0871019,33.0829769,268,4.8065653,1,0.826,1.3676,0.3342,0.9781,1629.796572,6.700167504,0,0,6.700167504,0,28.49,Q1,3.091042453,4,5
6073020500,64,0.3458498,-117.0899733,33.1115032,339,62.143955,0.076206,2.7262,2.3635,1.2772,3.7329,5976.588189,5.970149254,0,0,5.970149254,0,43.06,Q2,4.17438727,4,5
6073020601,62,0.1297269,-117.0779507,33.1142976,483,74.550362,0.042025,2.9007,2.1444,1.5531,2.7152,11092.54022,6.279434851,0,0,6.279434851,0,36.54,Q2,4.143134726,4,5
6073020602,67,0.382372,-117.0681038,33.1189678,111,15.821813,0.437033,2.623,1.9319,1.3237,3.4924,8232.035261,1.321003963,0,1.321003963,2.642007926,0,31.64,Q2,4.219507705,4,5
6073020705,66,0.6389125,-117.0549135,33.116245,54,0,0.9521368,1.6498,1.8306,0.6492,1.5261,3511.328815,5.185825411,0,0,5.185825411,0,18.11,Q2,4.204692619,4,5
6073020706,18,1.1023831,-117.0388245,33.0998055,0,1.4317532,1,1.1184,1.7159,0.4163,2.2242,993.3589638,1.576044129,0,0,1.576044129,0,21.03,Q1,2.944438979,4,5
6073020707,68,0.1972256,-117.0693151,33.1059882,421,58.259399,0.2704077,2.7764,1.9934,1.1477,2.5643,8860.989132,9.259259259,0,0,9.259259259,0,34.36,Q2,4.234106505,4,5
6073020708,45,0.5320574,-117.0674538,33.0905318,123,29.007856,0.8017239,1.404,1.9438,0.4795,2.6036,2108.552777,2.481389578,0,0,2.481389578,0,14.16,Q2,3.828641396,4,5
6073020709,35,0.511242,-116.9769969,33.1311558,12,3.471962,0.8654952,1.396,1.6643,0.7323,2.264,196.7742103,4.625346901,0,0,4.625346901,0,28.38,Q2,3.583518938,6,8
6073020710,35,1.7264574,-117.0160101,33.078589,1,10.920526,0,0.6909,1.7744,0.3642,1.1802,170.5578123,0,0,0,0,0,41.68,Q2,3.583518938,6,8
6073020801,43,0.8279963,-116.9387595,33.0052699,0,0,0,1.1167,2.1496,0.3714,2.1624,100.3776999,3.777148253,0,0,3.777148253,0,14.98,Q2,3.784189634,6,8
6073020805,83,0.4477157,-116.8935971,33.0328545,146,21.822336,0.5816318,1.8336,2.4554,0.8457,2.7596,1275.038305,0,0,0,0,0,37.49,Q3,4.430816799,6,8
6073020806,41,0.4710145,-116.8766106,33.0384857,394,61.016079,0.2538236,2.3883,2.7586,0.7182,3.4424,2213.327957,7.604562738,1.086366105,0,8.690928843,0,30.26,Q2,3.737669618,6,8
6073020807,107,0.9379015,-116.8231087,33.072914,8,0,0,1.2783,1.4069,0.1777,2.1204,64.54765939,0,0,0,0,1,25.21,Q3,4.682131227,6,8
6073020809,58,0.3102294,-116.8524089,33.0396539,142,23.930363,0.5862419,2.2076,1.9499,1.0274,3.1469,1072.871521,5.6791292,0,0.946521533,6.625650734,0,34.98,Q2,4.077537444,6,8
6073020810,0,0.5172982,-116.7875799,33.0348099,17,1.4622104,1,0.9559,1.4302,0.0668,1.1138,338.5214777,0,0,0,0,0,31.81,Q1,0,6,8
6073020811,0,0.5968188,-116.7742268,33.0025617,0,4.6017699,0,0.799,2.1303,0.237,0.957,298.035417,0,0,0,0,0,29.55,Q1,0,6,8
6073020902,100,0.7067961,-116.6067039,32.9424839,36,0,0.923023,1.3354,2.0266,0.0741,2.3441,12.31600092,0,0,0,0,1,46.21,Q3,4.615120517,6,8
6073020903,115,1.973913,-116.6970824,33.2564808,1,1.3157895,0.382775,2.6357,2.3571,0.5616,2.8757,5.069359048,5.649717514,0,5.649717514,11.29943503,1,10.49,Q3,4.753590191,6,8
6073020904,84,1.2649573,-116.6289159,33.0526793,384,12.260162,0.0046714,1.3508,2.1408,0.3323,2.183,43.22807542,3.64298725,0,0,3.64298725,1,45.52,Q3,4.442651256,6,8
6073021000,29,2.3569845,-116.27356,33.1112185,31,9.5270271,0.2121393,2.8668,2.5465,0.8081,2.755,3.128622148,11.27819549,0,3.759398496,15.03759398,0,25.58,Q2,3.401197382,6,8
6073021100,84,0.8937583,-116.456874,32.7026541,27,5.8373961,0.0224415,2.4024,2.6007,0.5322,2.3844,16.00445586,3.386004515,0,3.386004515,6.772009029,1,32.49,Q3,4.442651256,3,4
6073021202,38,0.6300236,-116.647342,32.8244867,106,2.7883396,0.098458,1.8884,2.3283,0.372,2.5265,44.57585052,2.958579882,0,0,2.958579882,1,19.29,Q2,3.663561646,3,4
6073021204,39,1.1081794,-116.7641322,32.8078834,186,4.9055161,0.8932345,0.7273,2.2573,0.1728,1.3018,297.0430722,0,0,0,0,0,24.17,Q2,3.688879454,3,4
6073021205,0,0.5530697,-116.7811501,32.8287974,280,34.877224,0.5172724,1.5463,2.5962,0.3298,3.2947,1951.958304,16.71641791,0,1.194029851,17.91044776,0,22.76,Q1,0,3,4
6073021206,0,1.1880998,-116.7519581,32.8647039,190,0,0.8992843,1.118,2.15,0.2201,1.5913,164.4914862,0,0,4.514672686,4.514672686,0,30.58,Q1,0,6,8
6073021302,64,0.4235453,-116.7818507,32.6637754,11,0,0.0349988,2.0851,1.1428,0.7958,2.9719,54.12398615,0,0,0,0,0,24.36,Q2,4.17438727,3,4
6073021303,30,0.6754582,-116.9017298,32.7210437,104,7.8833094,0,1.1773,2.0082,0.7808,2.0476,307.1818737,2.544529262,0,0,2.544529262,1,26.6,Q2,3.433987204,3,4
6073021304,35,1.3333333,-116.8687112,32.6847916,5,0,0,0.7166,1.3076,0.6696,1.4006,82.12544244,3.968253968,0,0,3.968253968,1,16.95,Q2,3.583518938,3,4
6073021400,0,0.4835428,-117.219952,32.7323401,428,76.42907,0.0609509,0.9475,1.7067,0.3978,2.3365,5528.571289,7.772020725,0,0,7.772020725,0,15.88,Q1,0,5,7
6073021500,0,0.2700515,-117.1889651,32.9511062,23,5.0079131,1,0.1829,1.4682,0.6961,0.7671,1887.188403,2.534051315,0,0,2.534051315,0,9.18,Q1,0,1,1
6073021600,0,0.5469108,-117.1561371,32.6572021,119,21.173695,1,1.428,2.0445,0.3366,2.3999,3240.043786,2.192982456,0,0,2.192982456,0,4.5,Q1,0,5,6
6073021800,0,1.0131363,-117.1850758,32.686581,238,38.92186,0.6327995,0.3616,2.1247,0.1253,0.8474,4640.190713,3.590664273,0,0,3.590664273,0,11.45,Q1,0,5,6
6073021900,0,0.5310345,-117.1150589,32.6564826,141,16.857395,0.5989592,2.5184,1.5744,1.0883,3.2451,2334.231983,4.024144869,0,0,4.024144869,0,51.27,Q1,0,2,2
6073022000,0,0.4825462,-117.0871662,32.6798189,472,80.195892,0,3.134,2.2779,1.5433,3.872,14483.36458,3.676470588,0,0,3.676470588,0,79.8,Q1,0,2,2
6073022100,0,0.3293329,-117.2924294,33.124262,327,3.2922263,0.9238331,0.9438,1.6212,0.4269,2.2701,1256.942989,5.378409527,0,0,5.378409527,0,17.4,Q1,0,4,5
